StartDate,EndDate,Status,Progress,Duration (in seconds),Finished,RecordedDate,ResponseId,DistributionChannel,UserLanguage,Q_RecaptchaScore,part3_id,MCQ01,MCQ02,MCQ03,MCQ04,MCQ05,MCQ06,MCQ07,MCQ08,MCQ09,MCQ10,MCQ11,MCQ12,MCQ13,MCQ14,SC0,PROLIFIC_PID
Start Date,End Date,Response Type,Progress,Duration (in seconds),Finished,Recorded Date,Response ID,Distribution Channel,User Language,Q_RecaptchaScore,"What is your Prolific ID?

Please note that this response should auto-fill with the correct ID","In ancient legend, how did a divine farmer discover tea?",Archaeological evidence suggests that tea was first cultivated in Ancient __________.,How was tea plant originally consumed?,__________ refers to the beverage made by mixing powdered tea leaves with hot water.,"In the 14th century, the Chinese emperor __________.",Who brought the first tea plant to Japan in the 9th century?,"In the early 1600s, how did tea drinking spread around the world?",Who is thought to have made tea popular with the English aristocracy in the 1600s?,"What led to the creation of the clipper ship, which was at one point the world’s fastest sailboat?","By 1700, tea in Europe sold for __________ the price of coffee.","At first, Britain paid for tea with __________, but when this proved too expensive, they began trading tea for __________.",China ceded Hong Kong to the British to __________.,Why did the British East India Company commission botanist Robert Fortune to smuggle tea trees from China to India?,Tea is the __________ most consumed beverage in the world.,Score,PROLIFIC_PID
"{""ImportId"":""startDate"",""timeZone"":""America/Denver""}","{""ImportId"":""endDate"",""timeZone"":""America/Denver""}","{""ImportId"":""status""}","{""ImportId"":""progress""}","{""ImportId"":""duration""}","{""ImportId"":""finished""}","{""ImportId"":""recordedDate"",""timeZone"":""America/Denver""}","{""ImportId"":""_recordId""}","{""ImportId"":""distributionChannel""}","{""ImportId"":""userLanguage""}","{""ImportId"":""Q_RecaptchaScore""}","{""ImportId"":""QID2_TEXT""}","{""ImportId"":""QID6""}","{""ImportId"":""QID7""}","{""ImportId"":""QID8""}","{""ImportId"":""QID9""}","{""ImportId"":""QID10""}","{""ImportId"":""QID11""}","{""ImportId"":""QID12""}","{""ImportId"":""QID13""}","{""ImportId"":""QID14""}","{""ImportId"":""QID15""}","{""ImportId"":""QID16""}","{""ImportId"":""QID17""}","{""ImportId"":""QID18""}","{""ImportId"":""QID19""}","{""ImportId"":""SC_6DtlLJCdfFq8rj0""}","{""ImportId"":""PROLIFIC_PID""}"
04/12/2025 03:01,04/12/2025 03:04,0,100,205,1,04/12/2025 03:04,R_2gCFbnMyBW9RPwt,anonymous,EN,1,5c7ccbfe371d1d0015bcabc0,1,1,1,1,1,1,1,1,1,1,1,1,1,1,14,5c7ccbfe371d1d0015bcabc0
04/12/2025 03:02,04/12/2025 03:04,0,100,152,1,04/12/2025 03:04,R_2fZrGHTdcXdh3cW,anonymous,EN,1,65a3f461bfa22dde98c10436,1,1,3,2,1,1,2,1,3,1,2,3,4,2,6,65a3f461bfa22dde98c10436
04/12/2025 03:00,04/12/2025 03:05,0,100,259,1,04/12/2025 03:05,R_80UCErzPluasfzr,anonymous,EN,1,5eeb2b8a36774c27657f227c,1,1,1,2,1,1,2,4,1,1,1,1,1,1,11,5eeb2b8a36774c27657f227c
04/12/2025 03:02,04/12/2025 03:05,0,100,148,1,04/12/2025 03:05,R_2ZIebqKdtGE1Knz,anonymous,EN,1,5f0766baa1aa2f12767758cd,1,1,1,1,2,4,2,3,1,3,1,3,1,1,8,5f0766baa1aa2f12767758cd
04/12/2025 03:05,04/12/2025 03:07,0,100,119,1,04/12/2025 03:07,R_8oJBK0GiDo0gCA1,anonymous,EN,1,566d5997d408ea00051a2a86,1,1,3,1,1,4,1,1,1,1,1,1,1,2,11,566d5997d408ea00051a2a86
04/12/2025 03:04,04/12/2025 03:08,0,100,221,1,04/12/2025 03:08,R_8hEGNLqiwdn6PnJ,anonymous,EN,1,5ca5fb084f3e9d0015440d1d,1,2,1,1,1,1,1,1,1,3,1,3,1,1,11,5ca5fb084f3e9d0015440d1d
04/12/2025 03:04,04/12/2025 03:08,0,100,199,1,04/12/2025 03:08,R_8I6H0CnudfJs1Qm,anonymous,EN,1,5ea59ffb9325e15853a82d84,1,1,1,1,1,4,4,1,1,1,1,1,1,1,12,5ea59ffb9325e15853a82d84
04/12/2025 03:05,04/12/2025 03:08,0,100,195,1,04/12/2025 03:08,R_82KDgHyWeHMtYpu,anonymous,EN,1,63f38f6346a5beb76cb2a3b8,1,2,1,1,1,1,1,3,1,1,1,1,1,1,12,63f38f6346a5beb76cb2a3b8
04/12/2025 03:04,04/12/2025 03:08,0,100,238,1,04/12/2025 03:08,R_2oHOMcNahQ3HEGG,anonymous,EN,1,6440ec657d3df6f5223edc73,3,1,3,3,2,1,3,2,2,3,4,3,1,2,3,6440ec657d3df6f5223edc73
04/12/2025 03:00,04/12/2025 03:09,0,100,549,1,04/12/2025 03:09,R_8MaJKFtx5KvCBpL,anonymous,EN,1,672b24390a9c197eb61f2f72,1,1,1,4,2,1,1,1,1,1,2,1,3,1,10,672b24390a9c197eb61f2f72
04/12/2025 03:06,04/12/2025 03:09,0,100,179,1,04/12/2025 03:09,R_2w0ufoBS6OApXab,anonymous,EN,1,587249a2e9cb31000195ed09,2,1,1,1,1,4,2,4,1,1,1,1,1,1,10,587249a2e9cb31000195ed09
04/12/2025 03:07,04/12/2025 03:11,0,100,221,1,04/12/2025 03:11,R_8BWA7xj51dpI2dj,anonymous,EN,1,5cc052c9a1e263001715594d,1,1,3,1,1,1,2,1,1,1,2,3,1,1,10,5cc052c9a1e263001715594d
04/12/2025 03:09,04/12/2025 03:11,0,100,121,1,04/12/2025 03:11,R_2omHIaUnFKKRmcp,anonymous,EN,1,6310a5c786d2abda637997c0,1,1,2,1,1,1,1,1,3,3,1,1,1,2,10,6310a5c786d2abda637997c0
04/12/2025 03:06,04/12/2025 03:11,0,100,301,1,04/12/2025 03:11,R_8eRw713qrcF17lV,anonymous,EN,1,5afbf02302b1b5000103e313,3,1,1,1,1,1,1,1,1,3,1,1,1,1,12,5afbf02302b1b5000103e313
04/12/2025 03:09,04/12/2025 03:12,0,100,182,1,04/12/2025 03:12,R_2gMcbcKhQwXqYgs,anonymous,EN,1,653fed546a45118a32fe378e,1,3,1,1,1,3,2,4,1,1,2,3,3,2,6,653fed546a45118a32fe378e
04/12/2025 03:10,04/12/2025 03:12,0,100,164,1,04/12/2025 03:12,R_2wzvlBbHCbnqOD4,anonymous,EN,1,663ccb353b6d9966bcce762a,1,1,1,1,1,1,1,1,1,1,1,1,1,1,14,663ccb353b6d9966bcce762a
04/12/2025 03:07,04/12/2025 03:13,0,100,315,1,04/12/2025 03:13,R_2MLP4mr9uf5OKNN,anonymous,EN,1,58c4ff360f0c150001ed45a4,1,3,3,1,1,3,1,3,2,3,1,3,1,2,6,58c4ff360f0c150001ed45a4
04/12/2025 03:08,04/12/2025 03:13,0,100,316,1,04/12/2025 03:13,R_8NqZDFTbZp11eE1,anonymous,EN,1,66def1304e37adb3349f648f,1,1,1,1,1,1,2,1,3,1,1,1,1,1,12,66def1304e37adb3349f648f
04/12/2025 03:11,04/12/2025 03:14,0,100,222,1,04/12/2025 03:14,R_8DOvGOHYVBHNa4i,anonymous,EN,1,661403131cecbe255b64ca6f,3,1,1,1,1,1,1,1,1,1,2,1,1,1,12,661403131cecbe255b64ca6f
04/12/2025 03:13,04/12/2025 03:15,0,100,144,1,04/12/2025 03:15,R_2dzCGSkSc8qsbbO,anonymous,EN,0.899999976,66ef36768bc403140fa01e35,1,1,1,1,1,2,1,1,1,1,1,3,1,1,12,66ef36768bc403140fa01e35
04/12/2025 03:09,04/12/2025 03:16,0,100,411,1,04/12/2025 03:16,R_2uPQsVgdXX5CX2m,anonymous,EN,1,5efcb50255a06b097b8d5d29,1,1,1,1,1,1,2,1,1,1,1,1,1,2,12,5efcb50255a06b097b8d5d29
04/12/2025 03:10,04/12/2025 03:17,0,100,392,1,04/12/2025 03:17,R_2O6dOZrIenQG7KW,anonymous,EN,1,5e3906b9a6df461259c0632f,1,1,1,2,1,2,2,1,1,1,1,2,1,1,10,5e3906b9a6df461259c0632f
04/12/2025 03:15,04/12/2025 03:18,0,100,183,1,04/12/2025 03:18,R_2CTJzBXYVBJNe2I,anonymous,EN,1,5bf2f728bd9f150001f6cc42,1,1,1,2,1,4,2,3,1,1,1,3,1,1,9,5bf2f728bd9f150001f6cc42
04/12/2025 03:15,04/12/2025 03:18,0,100,170,1,04/12/2025 03:18,R_2nrzHwY7NIctEye,anonymous,EN,1,5f919274b5383b00096b0295,4,2,1,1,1,2,4,1,2,3,1,2,1,1,7,5f919274b5383b00096b0295
04/12/2025 03:16,04/12/2025 03:18,0,100,165,1,04/12/2025 03:18,R_8jV3WFblDJlwusZ,anonymous,EN,1,614825d01815f41fe66dda75,1,1,3,3,2,1,3,4,2,3,2,3,1,1,5,614825d01815f41fe66dda75
04/12/2025 03:15,04/12/2025 03:19,0,100,234,1,04/12/2025 03:19,R_2eJok3G5TwOGLx6,anonymous,EN,1,5d41925ef7b99500012b960e,1,1,1,1,1,1,1,4,1,1,1,3,1,1,12,5d41925ef7b99500012b960e
04/12/2025 03:15,04/12/2025 03:19,0,100,243,1,04/12/2025 03:19,R_2q8Mwi2PDpxgK4K,anonymous,EN,1,5eaec18fbb7b8901200d16dd,1,3,1,1,1,1,1,1,1,1,1,1,1,1,13,5eaec18fbb7b8901200d16dd
04/12/2025 03:14,04/12/2025 03:21,0,100,460,1,04/12/2025 03:21,R_26aik6f7n0zngrf,anonymous,EN,1,5c6e60b04e08ad00018cc995,1,1,1,1,1,1,2,4,3,3,1,1,3,1,9,5c6e60b04e08ad00018cc995
04/12/2025 03:18,04/12/2025 03:22,0,100,211,1,04/12/2025 03:22,R_2Fmj0Pka0fh9EMs,anonymous,EN,1,62d6d7815de3a8625be3c0de,2,1,3,1,1,1,1,1,1,1,1,1,1,1,12,62d6d7815de3a8625be3c0de
04/12/2025 03:16,04/12/2025 03:22,0,100,339,1,04/12/2025 03:22,R_2rkwRfow397hRLa,anonymous,EN,1,5cdd4befd3651c001950e539,1,1,1,1,4,1,2,3,1,3,2,1,1,1,9,5cdd4befd3651c001950e539
04/12/2025 03:19,04/12/2025 03:22,0,100,187,1,04/12/2025 03:22,R_8BkQxqg354xkNpf,anonymous,EN,1,5bb7abf3c190e20001e5c2c8,1,1,1,1,2,1,1,1,1,1,1,1,1,1,13,5bb7abf3c190e20001e5c2c8
04/12/2025 03:11,04/12/2025 03:23,0,100,665,1,04/12/2025 03:23,R_2qWbWnuL6aAKQlw,anonymous,EN,1,671a5785170a0f6380c51f28,1,1,1,1,2,1,2,4,2,1,1,3,1,1,9,671a5785170a0f6380c51f28
04/12/2025 03:20,04/12/2025 03:23,0,100,139,1,04/12/2025 03:23,R_8d5p5fGNKfz3jkR,anonymous,EN,1,60f5d1dfd8ff71196982160b,3,1,1,1,4,1,2,4,1,1,2,3,1,1,8,60f5d1dfd8ff71196982160b
04/12/2025 03:20,04/12/2025 03:23,0,100,177,1,04/12/2025 03:23,R_2A09XpyG9QY6czo,anonymous,EN,1,5e25bb2adb62ba80c1c8571a,1,1,3,1,1,1,2,1,1,3,2,1,1,1,10,5e25bb2adb62ba80c1c8571a
04/12/2025 03:22,04/12/2025 03:26,0,100,224,1,04/12/2025 03:26,R_8nvsjTr4WIE6a0p,anonymous,EN,1,5d3821f0ddea5a0001757f93,1,2,1,1,2,4,1,1,3,1,3,4,3,1,7,5d3821f0ddea5a0001757f93
04/12/2025 03:22,04/12/2025 03:26,0,100,287,1,04/12/2025 03:26,R_8kXINj6cml9Qc6y,anonymous,EN,1,573dbfc9cc30e7000dc57410,1,1,1,1,1,3,2,1,1,1,1,3,1,1,11,573dbfc9cc30e7000dc57410
04/12/2025 03:29,04/12/2025 03:32,0,100,138,1,04/12/2025 03:32,R_2hoOcB12GArrhmx,anonymous,EN,1,5fd76b7d246a3705a25c9a94,1,1,1,1,2,1,1,1,1,1,1,1,1,1,13,5fd76b7d246a3705a25c9a94
04/12/2025 03:31,04/12/2025 03:34,0,100,162,1,04/12/2025 03:34,R_8gN2WjzuUBaAbkd,anonymous,EN,1,5dab79a5525a7600139cd31e,1,1,1,1,4,4,1,2,2,3,4,1,2,2,6,5dab79a5525a7600139cd31e
04/12/2025 03:30,04/12/2025 03:34,0,100,255,1,04/12/2025 03:34,R_2gO5yzW4e9z4pN6,anonymous,EN,1,6773f9ecbf8a434754bdbdab,1,1,2,3,1,3,1,1,1,1,1,1,1,1,11,6773f9ecbf8a434754bdbdab
04/12/2025 03:32,04/12/2025 03:34,0,100,154,1,04/12/2025 03:34,R_2eVcAuCBp5SHdXP,anonymous,EN,0.899999976,5db1b1b6cd3329000ba29566,1,1,1,1,1,1,1,1,1,1,1,1,1,2,13,5db1b1b6cd3329000ba29566
04/12/2025 03:34,04/12/2025 03:36,0,100,132,1,04/12/2025 03:36,R_8ENkt5qeDTvKPra,anonymous,EN,1,577a0a7aadbc7500015d2479,1,1,1,1,1,1,2,3,1,1,2,1,1,1,11,577a0a7aadbc7500015d2479
04/12/2025 03:36,04/12/2025 03:40,0,100,248,1,04/12/2025 03:40,R_8Y4m6JbcEpssTcz,anonymous,EN,1,5eb29fdddac67500082c1089,1,1,1,1,1,3,1,1,1,3,1,1,1,2,11,5eb29fdddac67500082c1089
04/12/2025 03:37,04/12/2025 03:41,0,100,236,1,04/12/2025 03:41,R_2ztLJkOJKIVtEmU,anonymous,EN,1,66742c4307bb2004831faaef,3,1,1,1,1,3,2,3,1,1,3,1,1,1,9,66742c4307bb2004831faaef
04/12/2025 03:33,04/12/2025 03:41,0,100,515,1,04/12/2025 03:41,R_8hY6qzcJ4dJoUjD,anonymous,EN,1,5c72af4a04d7bc00013899b3,3,1,1,1,1,1,1,1,1,1,1,1,1,1,13,5c72af4a04d7bc00013899b3
04/12/2025 03:36,04/12/2025 03:45,0,100,525,1,04/12/2025 03:45,R_2FnZoHPL7R1pBll,anonymous,EN,1,5eeb58ec4c86582a76ff55ec,1,1,2,1,2,1,2,3,2,3,1,2,1,1,7,5eeb58ec4c86582a76ff55ec
04/12/2025 03:44,04/12/2025 03:47,0,100,197,1,04/12/2025 03:47,R_8sdvU7TxAY4LSHW,anonymous,EN,1,5ea7e9f15bc7011d31958608,1,1,3,1,2,3,2,3,1,1,2,3,2,1,6,5ea7e9f15bc7011d31958608
04/12/2025 03:45,04/12/2025 03:47,0,100,141,1,04/12/2025 03:47,R_85ymzEoXxdGq5ny,anonymous,EN,1,56bbad070b36c4000b4d4ef9,2,1,1,1,2,1,2,4,1,1,2,1,1,1,9,56bbad070b36c4000b4d4ef9
04/12/2025 03:45,04/12/2025 03:48,0,100,175,1,04/12/2025 03:48,R_24bJbAbOWuBivbG,anonymous,EN,1,671d39090c9e2ad9ec75a03c,1,2,1,1,2,4,2,2,2,1,1,3,1,1,7,671d39090c9e2ad9ec75a03c
04/12/2025 03:53,04/12/2025 03:56,0,100,166,1,04/12/2025 03:56,R_2nIYsOIFAPYa8QB,anonymous,EN,1,601ecf037d641438c0840330,1,1,1,1,1,1,2,1,1,1,2,1,1,1,12,601ecf037d641438c0840330
04/12/2025 03:56,04/12/2025 03:59,0,100,163,1,04/12/2025 03:59,R_8M3TPTGFl3c8VBv,anonymous,EN,1,681b781064a5701a5ceee3bc,1,1,1,1,1,1,1,1,1,3,1,1,1,1,13,681b781064a5701a5ceee3bc
04/12/2025 03:54,04/12/2025 04:01,0,100,419,1,04/12/2025 04:01,R_2He71o37aO0ooKd,anonymous,EN,1,5e1b6da99debf5393dfba2dc,1,1,1,1,1,1,2,1,1,1,1,3,1,1,12,5e1b6da99debf5393dfba2dc
04/12/2025 03:58,04/12/2025 04:02,0,100,197,1,04/12/2025 04:02,R_2pj8rIl8cBKcIx3,anonymous,EN,0.800000012,5f25681567da711e51c043ab,1,1,3,1,1,1,2,1,1,3,2,3,1,2,8,5f25681567da711e51c043ab
04/12/2025 03:56,04/12/2025 04:02,0,100,309,1,04/12/2025 04:02,R_2j7JW3ZpqZwxdFB,anonymous,EN,0.5,6767202a0793489cda4738d2,1,1,3,4,1,4,2,3,1,1,1,1,1,1,9,6767202a0793489cda4738d2
04/12/2025 04:04,04/12/2025 04:07,0,100,215,1,04/12/2025 04:07,R_82V1f2pWQqY0n98,anonymous,EN,1,5c158ec0c6b01c0001bcfa72,2,1,1,2,1,1,2,3,2,3,1,4,1,1,7,5c158ec0c6b01c0001bcfa72
04/12/2025 04:07,04/12/2025 04:10,0,100,178,1,04/12/2025 04:10,R_2aEpE3t6GRWjW4x,anonymous,EN,1,6329c13285c93cafdf51ed77,1,1,1,1,1,1,1,1,1,1,1,1,1,1,14,6329c13285c93cafdf51ed77
04/12/2025 04:15,04/12/2025 04:19,0,100,256,1,04/12/2025 04:19,R_2C42aSKvesJILqP,anonymous,EN,1,5d59cb467ca41f0001e97e1f,1,1,3,1,1,1,2,1,1,4,1,3,3,1,9,5d59cb467ca41f0001e97e1f
04/12/2025 04:24,04/12/2025 04:29,0,100,289,1,04/12/2025 04:29,R_8mIOu9NPQ0YdF8P,anonymous,EN,1,5f3013e31c8a690aacb02c31,3,1,1,1,1,1,1,1,3,1,2,1,1,1,11,5f3013e31c8a690aacb02c31
04/12/2025 04:29,04/12/2025 04:37,0,100,484,1,04/12/2025 04:37,R_8qX5m3Ka1jXgnBL,anonymous,EN,1,632361bf965e0257e6052357,1,1,1,1,1,1,1,1,1,1,1,1,1,2,13,632361bf965e0257e6052357
04/12/2025 04:35,04/12/2025 04:39,0,100,226,1,04/12/2025 04:39,R_25EDnGR4gNihbl6,anonymous,EN,1,5c8b065abd96ce0001947d1b,1,1,2,1,1,1,1,2,1,1,1,1,1,1,12,5c8b065abd96ce0001947d1b
04/12/2025 04:31,04/12/2025 04:40,0,100,577,1,04/12/2025 04:40,R_2mI4cv7CcJUMLri,anonymous,EN,1,55d5b77ddb6a810006fa05d5,1,1,1,1,1,1,1,1,1,1,1,1,1,1,14,55d5b77ddb6a810006fa05d5
04/12/2025 04:40,04/12/2025 04:45,0,100,285,1,04/12/2025 04:45,R_8IcXy2iuDy8Boul,anonymous,EN,1,5bc07659b8d38c0001de0516,1,1,3,2,2,3,2,4,4,1,1,1,1,1,7,5bc07659b8d38c0001de0516
04/12/2025 04:43,04/12/2025 04:49,0,100,308,1,04/12/2025 04:49,R_2PhQLZrN4ZNLa4f,anonymous,EN,1,672cc816106e96c0344581bb,1,1,1,1,2,1,2,1,1,1,1,3,1,1,11,672cc816106e96c0344581bb
04/12/2025 04:50,04/12/2025 04:58,0,100,493,1,04/12/2025 04:58,R_2BeF6af6K9TkIzT,anonymous,EN,1,61f2ad75a09e72f23cbaf8a0,1,1,1,1,1,1,1,3,2,3,1,3,1,1,10,61f2ad75a09e72f23cbaf8a0
04/12/2025 04:56,04/12/2025 05:04,0,100,480,1,04/12/2025 05:04,R_8fVpDuybIL98B56,anonymous,EN,1,571bdaa76b0894001362f780,3,3,1,1,1,4,1,1,1,1,1,3,1,1,10,571bdaa76b0894001362f780
04/12/2025 05:09,04/12/2025 05:11,0,100,124,1,04/12/2025 05:11,R_2PXSNSwcrH6KFHP,anonymous,EN,1,6658b67d487ff144dc527a40,3,1,2,1,1,3,2,4,2,3,2,3,1,1,5,6658b67d487ff144dc527a40
04/12/2025 05:01,04/12/2025 05:12,0,100,626,1,04/12/2025 05:12,R_2PRKRlcspSTnHnr,anonymous,EN,1,6278f2c1db1a5b8b12b94a21,1,1,1,1,1,1,1,1,1,2,1,2,1,1,12,6278f2c1db1a5b8b12b94a21
04/12/2025 05:15,04/12/2025 05:18,0,100,146,1,04/12/2025 05:18,R_2fzNXcT4EslQSiJ,anonymous,EN,0.800000012,5ce65c39baebc8001939a3ab,2,3,1,2,4,1,2,1,1,1,3,3,1,2,6,5ce65c39baebc8001939a3ab
04/12/2025 05:18,04/12/2025 05:21,0,100,163,1,04/12/2025 05:21,R_8ztQWgQVdLq0ZO1,anonymous,EN,0.800000012,59d3ef2c078dbe000195117f,1,1,3,1,1,1,1,1,1,2,1,4,1,2,10,59d3ef2c078dbe000195117f
04/12/2025 05:17,04/12/2025 05:22,0,100,323,1,04/12/2025 05:22,R_2Ii8IcVczLEhhPr,anonymous,EN,1,58bef6fd31de840001e84ba0,3,1,1,1,1,1,1,3,2,1,1,3,1,1,10,58bef6fd31de840001e84ba0
04/12/2025 05:25,04/12/2025 05:29,0,100,209,1,04/12/2025 05:29,R_2eQaWn3qWlcNUpJ,anonymous,EN,0.5,6530316e660f5b8d9c11c00e,1,1,3,1,1,1,1,1,1,1,1,1,1,1,13,6530316e660f5b8d9c11c00e
04/12/2025 05:32,04/12/2025 05:37,0,100,289,1,04/12/2025 05:37,R_8f73dbAllBzZFA4,anonymous,EN,1,5cadbee8470c560001de5739,1,1,1,1,1,1,1,1,1,1,1,1,1,1,14,5cadbee8470c560001de5739
04/12/2025 05:38,04/12/2025 05:41,0,100,131,1,04/12/2025 05:41,R_8FkruCfIrrXBAOb,anonymous,EN,1,5ca73fcf7067e70001f7a41f,4,1,3,2,2,1,1,4,4,1,3,3,3,1,5,5ca73fcf7067e70001f7a41f
04/12/2025 05:38,04/12/2025 05:43,0,100,257,1,04/12/2025 05:43,R_8OwoV0IK7PsURb3,anonymous,EN,1,650864268a31fd9d2b8f84ee,1,1,1,2,1,3,1,2,1,1,1,1,1,1,11,650864268a31fd9d2b8f84ee
04/12/2025 05:43,04/12/2025 05:46,0,100,165,1,04/12/2025 05:46,R_2CxqnAzOPnETmih,anonymous,EN,1,58d9300e33fef3000118a808,1,1,1,1,1,1,1,1,1,3,1,3,1,1,12,58d9300e33fef3000118a808
04/12/2025 05:50,04/12/2025 05:53,0,100,168,1,04/12/2025 05:53,R_2E5lygKvBdYGItn,anonymous,EN,1,5d7e3844fc5b4b0001bb0e1b,3,1,1,1,2,4,1,1,1,3,1,3,1,1,9,5d7e3844fc5b4b0001bb0e1b
04/12/2025 06:05,04/12/2025 06:08,0,100,142,1,04/12/2025 06:08,R_8JFNEYL4JSTIQZu,anonymous,EN,1,5e203085ac30fa331b586690,1,1,2,1,1,1,2,3,1,1,1,1,3,1,10,5e203085ac30fa331b586690
04/12/2025 06:16,04/12/2025 06:19,0,100,169,1,04/12/2025 06:19,R_8R2WojQUB3F4mc1,anonymous,EN,1,5737270f14f69e000d7bc08a,1,1,1,1,1,1,2,1,1,1,1,1,4,1,12,5737270f14f69e000d7bc08a
04/12/2025 06:19,04/12/2025 06:24,0,100,280,1,04/12/2025 06:24,R_8dYsCwHwG27artn,anonymous,EN,1,5ebc0abd2cc5f1054c82a0d7,1,1,3,4,1,2,1,3,1,1,1,3,1,1,9,5ebc0abd2cc5f1054c82a0d7
04/12/2025 06:41,04/12/2025 06:45,0,100,266,1,04/12/2025 06:45,R_2v5I6vPMDjy9XDW,anonymous,EN,1,62b055a21e169809861b173d,3,1,2,1,1,4,1,1,3,3,1,1,3,2,7,62b055a21e169809861b173d
04/12/2025 06:38,04/12/2025 06:52,0,100,850,1,04/12/2025 06:52,R_2a0Th9Ww8l1OmOZ,anonymous,EN,1,6659a3110ccaa9dc948dc808,3,1,3,1,1,1,2,1,4,1,1,1,1,1,10,6659a3110ccaa9dc948dc808
04/12/2025 06:36,04/12/2025 06:57,0,100,1289,1,04/12/2025 06:57,R_2ePe1jHmnpaK0oE,anonymous,EN,1,673261aea87e76010a5c969a,4,1,2,1,1,1,1,1,1,1,1,1,1,1,12,673261aea87e76010a5c969a
04/12/2025 07:01,04/12/2025 07:05,0,100,222,1,04/12/2025 07:05,R_8AMz6ZK391ygM6q,anonymous,EN,1,6157040a78451d0e36577a2a,1,1,3,1,1,3,4,3,1,1,2,3,1,1,8,6157040a78451d0e36577a2a
04/12/2025 07:42,04/12/2025 07:46,0,100,227,1,04/12/2025 07:46,R_2YtxW28YZ0gBos4,anonymous,EN,1,597a72293a82ba000141d7b0,1,1,1,1,1,1,2,3,2,1,1,1,1,1,11,597a72293a82ba000141d7b0
04/12/2025 07:46,04/12/2025 07:51,0,100,284,1,04/12/2025 07:51,R_8PZXfJCugnuVDpf,anonymous,EN,1,60ddc62b071a009e0b0c2922,2,1,3,1,2,3,1,4,3,1,1,1,3,1,7,60ddc62b071a009e0b0c2922
04/12/2025 08:16,04/12/2025 08:19,0,100,159,1,04/12/2025 08:19,R_8K910wu8dbWnlfz,anonymous,EN,1,594a8e2eeaa18e000163f6cd,1,1,3,1,2,1,4,4,4,1,3,1,1,1,8,594a8e2eeaa18e000163f6cd
04/12/2025 08:26,04/12/2025 08:33,0,100,387,1,04/12/2025 08:33,R_81sStaWXZ6gOp3x,anonymous,EN,1,66084cde8c8b94db6ce51ac9,3,1,1,4,1,1,2,3,2,2,3,1,4,1,6,66084cde8c8b94db6ce51ac9
04/12/2025 08:27,04/12/2025 08:33,0,100,381,1,04/12/2025 08:33,R_8ocfykK16DQ9HZB,anonymous,EN,0.899999976,688a3a2e3d58984958a6e2f7,3,1,1,4,2,1,2,4,2,2,2,1,1,1,6,688a3a2e3d58984958a6e2f7
04/12/2025 09:10,04/12/2025 09:13,0,100,169,1,04/12/2025 09:13,R_2CE3OE2a1dffiXe,anonymous,EN,1,5f7750471fcf840f542f6081,1,1,3,1,1,1,2,3,1,3,3,3,1,2,7,5f7750471fcf840f542f6081
04/12/2025 09:11,04/12/2025 09:15,0,100,238,1,04/12/2025 09:15,R_83xwIpd5ZuKB590,anonymous,EN,1,582f8bbd4cadc80001b0fbd3,1,1,3,2,2,3,2,3,2,3,2,4,2,2,2,582f8bbd4cadc80001b0fbd3
04/12/2025 09:21,04/12/2025 09:24,0,100,179,1,04/12/2025 09:24,R_2g8he1ySmZLxOjX,anonymous,EN,1,62a338fe5f31e62c27dc5e66,1,4,3,1,1,1,1,1,1,1,1,1,1,1,12,62a338fe5f31e62c27dc5e66
04/12/2025 09:27,04/12/2025 09:30,0,100,201,1,04/12/2025 09:30,R_22yF9Y8X8WVAEmR,anonymous,EN,1,6297560d968633ad5b83b745,1,1,1,1,1,3,2,1,1,1,1,3,4,2,9,6297560d968633ad5b83b745
04/12/2025 09:41,04/12/2025 09:47,0,100,325,1,04/12/2025 09:47,R_8GChZvNv4yf5ScO,anonymous,EN,1,603836f34e3f321dbba51e02,1,1,1,1,2,1,2,3,2,3,1,1,1,1,9,603836f34e3f321dbba51e02
04/12/2025 09:48,04/12/2025 09:51,0,100,179,1,04/12/2025 09:51,R_20jUAk7iuYGIM0a,anonymous,EN,1,644805884189b40893adfa53,1,2,1,1,1,3,2,1,4,1,1,3,1,1,9,644805884189b40893adfa53
04/12/2025 09:59,04/12/2025 10:02,0,100,170,1,04/12/2025 10:02,R_28OjtBpaoM1RhOp,anonymous,EN,1,5e7dfc715acd1402882e93eb,1,1,1,1,1,1,1,1,1,1,1,1,1,1,14,5e7dfc715acd1402882e93eb
04/12/2025 10:24,04/12/2025 10:28,0,100,243,1,04/12/2025 10:28,R_8mrA1SybQemaLaa,anonymous,EN,1,67334911eb1de6dd02fc126a,3,1,2,2,1,2,2,3,4,1,3,4,1,2,4,67334911eb1de6dd02fc126a
04/12/2025 10:33,04/12/2025 10:37,0,100,221,1,04/12/2025 10:37,R_26Z7y56m3IiY3VT,anonymous,EN,1,62b74ec256808d84b3e691d6,1,1,1,1,1,1,1,1,1,1,1,1,1,1,14,62b74ec256808d84b3e691d6
04/12/2025 11:08,04/12/2025 11:11,0,100,219,1,04/12/2025 11:11,R_2jU7zYiVIoB9c6w,anonymous,EN,1,5bddfba7712eb800010d3a61,1,1,3,1,1,1,1,1,3,4,4,1,1,1,10,5bddfba7712eb800010d3a61
04/12/2025 11:21,04/12/2025 11:27,0,100,328,1,04/12/2025 11:27,R_2MXx86tHOwaGFUr,anonymous,EN,1,654e37a130d94b47675dcebe,3,1,1,1,1,1,1,1,1,1,1,1,1,2,12,654e37a130d94b47675dcebe
04/12/2025 11:26,04/12/2025 11:28,0,100,155,1,04/12/2025 11:28,R_2O2jWJFaTtqavAk,anonymous,EN,1,5db1dbb351eb21000c443e58,3,1,3,1,1,3,2,3,1,1,1,3,1,2,7,5db1dbb351eb21000c443e58
04/12/2025 11:50,04/12/2025 11:53,0,100,172,1,04/12/2025 11:53,R_8rIS0wfojHKs49y,anonymous,EN,1,5ef0fcea28006f6b24913b02,1,1,3,1,1,1,2,3,1,1,1,1,1,2,10,5ef0fcea28006f6b24913b02
04/12/2025 12:06,04/12/2025 12:09,0,100,185,1,04/12/2025 12:09,R_2KGDWwsrkp6fFGI,anonymous,EN,0.800000012,5bb535574cb73b00011437d0,1,1,1,1,1,1,2,4,1,1,3,1,1,1,11,5bb535574cb73b00011437d0
04/12/2025 12:17,04/12/2025 12:19,0,100,162,1,04/12/2025 12:19,R_2eyLxdMmXVaYTV8,anonymous,EN,1,5e56ac24ce30ae0632e2fe0a,3,3,3,1,1,2,4,1,3,3,2,1,1,1,6,5e56ac24ce30ae0632e2fe0a
04/12/2025 12:40,04/12/2025 12:44,0,100,283,1,04/12/2025 12:44,R_2uI0y0ysRhRnnSb,anonymous,EN,1,67838f3e71616a9dcc042173,1,1,3,1,2,2,2,4,1,1,1,3,1,1,8,67838f3e71616a9dcc042173
04/12/2025 12:41,04/12/2025 12:45,0,100,228,1,04/12/2025 12:45,R_8EtIhImKXP02TGt,anonymous,EN,0.899999976,62b6eacb30532251b7eb05c1,1,2,1,1,3,1,1,1,1,1,1,1,4,2,10,62b6eacb30532251b7eb05c1