"SAQ01","SAQ02","SAQ03","SAQ04","SAQ05","SAQ06","SAQ07"
"By accident?","Matcha was made by frothing up tea with water","Tea, silk and fine china/porcelin","To continue trading with the British, particularly exporting tea","The competition to get tea to other countries as quickly as possible as the fastest ones made the most profit","I don't know","Bringing tea back to the UK and popularising it"
"He picked it to eat","It was made into a cake and then water was added","Tea, porcelain, silk","In return for tea","Exporting tea to other countries","By the Chinese culture","Bringing tea to England"
"He opened his mouth and if floated in","Tea leaves were dried, ground into a powder and then pressed into 'cakes'","Tea, and other things that unfortunately I can't remember.","Because it lost the opium wars","Because tea was so popular companies wanted to get it over to England as quickly as possible to beat the competitors.","As matcha","Introducing tea to England."
"it flew into his mouth after being poisoned","i cannot remember ","I have no idea! i cannot remember ","I cannot remember ","to enable quick delivery of tea ","i cannot remember ","i cannot remember!"
"can not recall","tea leafs made into a paste before steamed over boing water","silk, tea, porcelain","as part of the opium wars","the race between competing countries and companies to get tea from the far east to market","do not know","making drinking tea fashionable"
"He found tea and made it into a sort of porridge with grains","tea leaves and hot milk","tea, porcelain and silk gave China significant power and economic influence","because china lost the opium war to the British","the race to get to Europe with the first tea of the season and thereby get the highest prices","by monks","bringing tea to England and making it popular"
"he was tasting different leaves and being poisoned when a tea leaf fell into his mouth and cured his poisoning ","grinding the tea leaves into a powder, adding water","tea, i can't remember the other two ","I dont remember ","Tea exports? ","as a powder - matcha","I dont remember"
"a leaf fell into his mouth after he had poisoned himself","tea was dried, made into cakes and finely ground","tea, silk, porcelain","As part of the reparations for losing the Opium wars","the tea trade and competition to be the fastest to bring tea to the UK","A plant was smuggled into Japan","Introducing tea drinking"
"i don't know (sorry)","Tea leaves are heated, then dried and made into a powder","Porcelain, silk and tea","Because of opium debt","There was a war, the opium wars and they needed a fast boat to bring tea to england","by a japanese monk and a tea ceremony","Bringing tea to England"
"tea leaves fell in his hot water by accident","grinding tea leaves into powder","tea silk and porcelain","Because they lost the opium war","demand for tea to be transported faster","Monks bringing it from China","introducing tea drinking to England"
"he poisoned himself 72 times then a tea leaf fell into his mouth and revived him","tea cakes were put into hot water","opium, tea, coffee","dont remember","dont remember","monk brought a plant with him","dont remember maybe ending exploiting workers?"
"Dont remember","Blending and straining leaves","TEA, HERBS, MEDICINE","To export goods","To send tea across the water in bulk","As leaves for making drinks","Serving tea at their wedding"
"I can't remember","It's made with a whisk","Silk, spices, tea","Because of the opium wars","The need for quicker transport","It was introduced via tea cakes","Popularising tea"
"I can't remember","I don't remember","tea, opium, rice","because of the importance of Hong Kong being an important port, vital to the export of tea","The importance of moving tea far quicker, across the world","From China","bringing tea to Europe"
"he ate something poisonous and by eating tea leaves it provided an anti dote","by drying the leaves and then grinding them up","porcelain, silk, tea","1842","so it was able to transport tea from overseas faster  thus maximising the profits","by monks returning from china","making tea drinking in england popular"
"He had poisoned himself and he accidentally tried a tea leaf and it cured him ","Tea leaves are made into a paste and then water is added","Porcelain, silk and tea","In the opium wars","Due to competitive the British build faster ships","Can't remember","Can't remember "
"In blew in his mouth whilst he was poisoned ","By stewing the leaves in water","Silk, Tea, spices","striking a deal due to the opium war","The rush to get tea back to the UK as fast as possible to keep the leaves fresher","Traders crossing the sea?","popularising tea being drunk"
"Leaf fell into water","using the tea leafs","tea, textiles ","opium war","transport tea","introduced by travelers","Making tea famous"
"A tea leaf fell into his mouth during his search in the forest","Matcha was made by taking tea leaves and grinding them into a fine powder","tea, silk and porcelain","Because of power struggles with regards to the opium war that they were losing","I can't remember maybe the clipper slip was created to export large amounts of tea across the world ","Tea was introduced to Japan by a japanese monk","She is credited for popularising tea in the UK"
"He fell asleep and a tea leaf fell into his mouth.","The tea was dried, finely ground and steeped in hot water. Pictures could be drawn in the foam on the top.","Tea, porcelain and silk.","As part of peace agreements after the opium wars.","Competition between tea importers.","Via a Chinese ambassador who brought tea with him.","Popularising tea in England"
"he would poison himself and the leaf will fall into his mouth and bring him back to life","drying the leaves and grinding into a smooth paste and making with hot water","porcelain, tea and silk","Due to someone stealing the plant","Due to large request for exportation of tea","not sure","using tea for ball and for gathering for wealthy and influencial"
"I can't remember","I can't remember","tea, silk, tobocco","I am not too sure about this","I can't remember","I am not too sure about this either","I can't remember"
"unsure....","unsure","tea, opium, gold?","after the opium wars?","to stop tea getting ruined enroute back to england","unsure","bringing tea to high society in europe?"
"It fell on his head!","Something to do with leaves.","Porcelain, silk and tea","Something to do with opium (opium wars).","To get tea to other countries as fast as possible to out pace their competitors.","Leaves dropping off a tree (?) and used for medicinal purposes.","Sorry, I don't recall."
"He poisoned himself and was able to cure himself with a leaf.","Heat tea, pack it into cakes, grind into a powder and mix with hot water.","Tea, silk, don't know","During the Opium War, they ceded Hong Kong to renew trading with Britain","Intense competition between European countries trying to bring tea back from China as quickly as possible.","A monk brought tea leaves to Japan","Making tea popular in the United Kingdom"
"He accident;y poisoned himself then a tea leaf fell into his mouth and he recovered","ground into powder","tea spices  pottery","Defeat in opium war","wanting to quickly get the tea from China to Europe","Buddist monks brought the tea leaves and plants into the country","popularising tea in England"
"Tea leaves accidentally fell into his boiling water","Tea leaves are dried and ground to produce a powder","Tea, Silk and Porcelain ","Because China lost the opium war","The need to transport goods between different countries/ for trade.","Monks brought tea leaves from China to Japan","She made tea drinking more popular"
"He was poisoned 14 times and a tea leaf fell into his mouth when he was sat under a tree and cured him","Steamed, dried & made into bricks","Tea, coffee & cotton","Opium war","Tea exportation","Buddhist monks on boats","Brought tea to england"
"He was poisoned by something and a tea leaf fell into his mouth and made him better.","Pouring hot water onto the tea leaves.","Tea, silk & cotton.","Because people were becoming addicted to opium and causing trouble. ","??","Monks having tea ceremonies.","Introducing tea to England"
"He had been eating plants and had been 8 times. He was slumped against a tree and a leaf blew into his mouth. He chewed the leaf and it cured him.","I cannot remember.","Silk, tea and opium","I don't remember","I don't remember","I don't remember","I don't remember"
"ate the wrong toxic leaf than ate a leaf that cure the sickness","tea leafs into powder and mix it with hot water","silk, tea, papers ","lost the opium war ","to transfer tea leafs ","a monk ","create a trend of drinking tea "
"He discovered tea by accent while experimenting with plants. He drank it and enjoyed the taste and found it gave him energy. ","it was powdered tea made from leaves that were dried an extra time ","Tea, silk and porcelain ","it was a peace deal as a result of defeat in the war against opium. British started giving china opium instead of silver as they were running out which caused major addictions in china. ","Transporting tea as quickly as possible between countries ","Via monks who were sent on missions to China and brought it back with them ","She popularised tea drinking in England. "
"He was bilingual a pot of water and a tea leaf fell into the pot. Tea was born!","Matcha was made by steaming and drying the leaves, then grinding them down into powder. The powder was then pressed into cakes.","Tea, silk, and porcelain.","After the British victory in the Opium Wars, China had to cede Hong Kong as part of their surrender.","The race to be the first traders to import tea into the west.","By travelling Buddhist monks.","She already had a taste for tea that she acquired in the Portuguese court. She brought her love of tea to England after her marriage and made it a fashionable and popular drink."
"He poisoned himself but chewed on a tea leave and was healed","It was made by infusing tea leaves","tea, opium, cotton","Because opium had to be banned","Importation of tea led to the creation of the clipper ship","It was brought ny monks","She introduced tea in England"
"he tried several leafs","grind tea leaves and pour water inside","silk and tea","because of the war","the demand","through monks","making tea popular"
"Ate tea leaf that cured him from other poisonous leaves","Adding hot water to tea leaves.","tea, porcelain and silk","During war","To be able to get to China from UK to get the valuable tea first ahead of any other country.","Tea plant was taken from China to Japan","Making tea popular"
"Not sure","It was compressed into cakes and ground into a powder.","Tea, silk and ceramics.","Because of the opium wars.","To sail to Japan to bring back tea and information about tea processes.","It was formed into cakes and ground into Matcha.","Bringing tea drinking practices to England and making tea popular."
"unknown","from green tea leaves","tea, ","at the end of the opium wars","Transporting the tea to Europe","brought over from China","introducing tea to Europe"
"He accidently ingested a leaf after poisoning himself while searching for edible plants. He discovered that the tea cured him.","Matcha was made by drying tea and pressing it into a cake and then crumbling it into liquid.","Can't remember.","To allow the tea trade to continue under favourable conditions.","Don't know.","Tea plants and tea workers were stolen from China by a botanist named Robert Fortune.","I don't know."
"He was poisoned by berries, and some tea leaves fell into his mouth and it cured him","It was ground up, and then mixed together with hot water","Porcelain, Tea and Silk","Because it lost the Opium Wars","To help compete with tea demand from around the globe","Through the Chinese people","Making tea popular to drink"
"A tea leaf drifted into his teapot","The leaves were turned into bricks and then ground into a powder when they were ready to prepare the drink. They then whisked it with hot water to turn it into tea.","Tea, porcelain and silk","After the issues with opium and war broke out and Britain has the stronger army and so China had no choice but to agree","China wanted be able to transport the tea over to Europe as quickly as possible and it was a race to deliver the first batch of fresh tea, so they needed to get it there as soon as possible to maximise on their time and money making. ","I cannot remember the answer to this one ","Queen Catherine was credited for raising the popularity of tea in Europe in the 1600s."
"wild tea leaves landed in his cup of water ","made from tea plants i think they grow for 3 or 4 months maybe a little less but not sure of specific details of what tea plants etc","i only know machinery is one of them ","i have no idea","it was due to a demand in tea ","it was sailed over to them from another country","im not sure "
"He got intoxicated after trying many herbs. Then a  leaf of tea tree got into his mouth and made him feel better","crushed tea leaves made a powder called matcha","tea, silk and ceramics ","because of the opium","for trade and  faster transfer of goods ","it was smuggled in Japan ","Queen Catherine introduced the tea in the palace "
"he was accidentally poisoned 72 times and a tea leaf flew into his mouth. He chewed it and was cured","by grinding tea to powder then mixing it with hot water","silk, tea and porcelain ","In the opium war, Britain defeated  Ming dynasty","as the demand for tea grew in Europe, there was a need for a fast way to deliver tea and so the ship was developed for fast transportation. ","it was brought to Japan by a Japanese monk","making tea famous in the English countries"
"He was repeatedly poisoning himself by testing which plants were toxic and one day a few leaves from a nearby plant fell into his hot water, he drank it and noticed it cured him. ","Tea leaves were steamed and then ground into a powder so it could be whisked into hot water.","Tea and Silk ","Opium war","exporting and importing tea leaves ","Not sure","I don't know? I don't recall this in the video"
"when he rested a leaf fell from a tree into a pot of water","using tea plants dried and ground into a powder","electronics, cars ","due to losing the wars","for a faster delivery of tea from china","by japanese monks","drinking tea"
"He accidentally ate a leaf after he was poisoned. ","tea leaves is ground into powder","Tea, Porcelain, silk","Britain used opium to exchange tea with China. Later China lost in the opium war and ceded Hong Kong to the British. ","Because British needed to transport tea from China to Europe ","A monk bought tea to Japan  ","she made tea popular"
"While testing herbs for medicine ","By grinding the tea leaves into powder ","Tea, spices and rice ","Because of the first opuim war. ","To speed up in global trade ","During the Tang Dynasty","She popularized the habit of drinking tea in England "
"He was searching for food and stumbled across it.","Steaming, drying and blending a matcha plant. Then you need to add hot water to it.","Opium, tea and matcha","The had a war and did not want to sell tea to them.","Britain lost a war and wanted to trade more for money.","Monks made it popular. ","She made drinking tea popular"
"I cannot recall","I think it was the loose leaves of tea grounded up and added with something ","Tea, opium, i cannot remember the 3rd thing im afraid","Because of the opium they were trading and China needed","The desire to be the fastest to get tea into Europe beating other countries","I have no idea im sorry i cannot remember","Making a cup of tea popular in the uk by it being in a bag?"
"He drank it after being exhausted from travelling","Matcha is made by fine powder by shading bushes, drying and grinding leaves until it becomes green powder.","opium, tea, porcelain/ceramic","military defeat","tea trade, intense trade","When they studied buddhism","drinking tea"
"They ingested the leaves to cure poisoning.","Finely ground tea cakes are mixed with hot water with a wooden whisk.","Tea, Porcelain, Silk.","As a settlement at the end of the Opium Wars along with resuming trade on less favourable terms.","A desire to bring shipments of tea back to europe faster than any other competitor to get the best prices.","I don't remember now.  I presume through trade.","I don't remember this being in the video but I'm guessing introducing tea as a hot drink to England."
"Can't remember","Don't know or recall","Porcelain, silk and tea","Military defeat in the so called Opium War","To compete with other European competitors in bringing tea to Europe quickly ","I think some connection to Matcha","Bringing tea to England"
"To cure poison","tea leaf","Tea, silk, porcelain","Don't remember","to meet economic demand","By some monk, returning from study","Drinking tea"
"he was poisoned, then tea leaves fell in his hot water, he drank it and was cured","green tea leaves steeped in hot water","silk, tea, metal","due to the opium wars - fighting over the tea, opium trade","i dont know","through trade","bringing tea to the english nobility and then the people"
"I forgot","Tea leaves were dissolved in hot water, and allowed to sit for 10 minutes or so","tea, opium and coffee","To end the opium war","I forgot","I forgot","She introduced tea in the royal family"
"A tea leaf blew into his drink","It was ground up into a powder and boiled","Tea, china and silk","They got beat in the war, something to do with opium being stolen ","Tea was popular so they needed to transport it quickly","Someone took a tea plant to Japan","Making tea popular"
"He was testing different herbs and leaves and poisoned himself, and discovered that eating tea leaves cured him.","By crushing up the macha leaves and forming them into a tight-knit block","Tea... can't remember anything else... silk?","Because the British exchanged tea for opium, which became a significant problem in China, which led to the Opium War, which led to China ceding Hing Kong to the British.","The competition between rival companies to transport tea from China to Europe","It was first used as a cooking ingredient?","Was it her who started using loose tea-leaves first?"
"Can't remember","Can't remember","Tea, silk, opium","Part of post war settlement","Demand for faster shipment of goods from the Far East","By British traders","Introduced tea drinking"
"Shennong has poisoned himself seven times and was on the verge of death when a tea leaf fell into his mouth and revived him.","Matcha was made by placing tea leaves into cakes, grinding that down in into powder and then added to boiling water. ","The three essential export goods that gave China significant power and economic influence were: tea, silk and porcelain. ","China ceded Hong Kong to the British as a result of the Opium War. ","The clipper ship was created to transport tea to other countries. ","China traded tea with Japan
","Queen Catherine of Braganza was credited for bringing tea to England in the 1600s.
"
"he was poisoned by loads of things then a tea leaf fell into his mouth and cured him","i remember learning something about this but don't remember what. ","tea, silk and something else","i do not remember this at all","needing faster transports","no idea sorry","bringing tea to the uk"
"He got poisoned and whilst in the forest, a tea leaf fell in his mouth and cured him.","They decided to make it into a powder instead of loose leaf.","Tea, silk","They lost the war. ","Everyone wanted to buy tea, and as China was the only country to grow and sell it, everyone was competing to get it first.","Through trade","Introducing tea to England."
"The leaves fell into his boiling water","dried leaves are ground into a fine powder","Porcelain, Tea and silk","As part of a treaty with other ports, the British used","They were fast and able to dominate the market","It came from China","She is credited with introducing tea to England "
"A leaf blew into his mouth","powdered tea which was then added to water","Tea, ceramic and rice","Because of the war
","trade pressure to increase speed ","as a powder","Polularising drinking tea amongst aristocracy"
"Supposedly he was trying a bunch of different plants and got dozens of diseases from certain plants, and when he ate the tea plant this cured him from the other diseases.","Tea leaves refined into powder form.","'- Tea
- Silk","I can't remember but it was in relation to the British getting Chinese citizens hooked on Opium due to the exports.","The need for faster shipping worldwide.","I cannot remember.","She brought tea drinking to Britain."
"He found the plant and ate some of the leaf","I don't know","Tea, silk and porcelain","I don't know","To get the tea from China as quickly as possible to get the highest price","I don't know","I don't know"
"He discovered tea while resting under a tree , a wind blew leaves into the pot of boiling water. ","Macha is made by steaming the leaves, drying and stone grinding. ","Tea, Silk and Porcelain ","They cede Honk Kong due to loosing the opium war. 
","The need to deliver fresh tea from China to London very fast. ","The tea was introduced by personnel returning from China","She was credited for popularizing the drink in England."
"He poisoned himself and then a leaf fell in his mouth. After chewing it, he got revived.","Tea leaves were heated, do small cakes out of the mixture, then grind in powder and heated again with water.","Silk, china and tea","They got defeated in the war","To beat competition","By a monk","Making tea popular. "
"I think he was injured and used tea leaves for his wounds","the tea leaves were grinder whole ","tea, porcelain, silver","Opium crisis? they lost the war ","getting tea from china?","by monks who brought the tea from china","popularising tea and importing it from China"
"I do not remember. Sorry","The tea leaves were grounded to powder and hot water was used to make the tea","silk, porcelain, and tea","Becasue they lost the tea war","To be used in the tea trade","Japanese tea workers brought it to Japan","do not remember"
"the tea leaves accidently fell into his pot of water that was boiiling ","It was made with water and when leaves were left to soak it became matcha ","tea, silk, I don't know the last one ","Because it was in their best interest","To get tea to and from china faster ","They took tea plants and growers over ","Bringing tea to England "
"discovered by accident","ground tea","tea silk spices","china lost wars to the british","transportation of tea","a sample was stolen from china","introducing the consumption of tea to the british and europe"
"Cant remember","Grinding the leaves into a powder and then mixing with water","Porcelain, Silk, Tea","Cant remember","England needed a fast boat to export tea from China to the rest of the world to maximise profits","Cant remember","Bringing tea to England
"
"I think he was boiling some water and some tea leaves blew into it and he realised that it had medicinal properties as a cure for poison, or something along that vein","The tea leaves were ground down to a powder and mixed with water. ","pottery, tobacco and medicines","Opium use had got out of hand and so China decided to keep the trade going from one place rather than all along the coast. So Britain could only use  Hong Kong to  trade tea.","The popularity of tea in the UK led to more demand and so the clipper ship was created to get more tea to the UK quicker. A trade was set up and tea was traded for opium.","Someone disguised himself as a worker and travelled across the border with some other workers to take the tea to Japan","She married a King of England and introduced her love of tea to Britain."
"He was poisoned and ate a tea leaf to counteract the poison","It is made by grinding up tea leaves and pressing them into cakes","Tea, silk and porcelain ","It was part of the Opium wars and given to Britain as part of the peace treaty and to give them a trading port in China","The race to export tea to europe in the quickest possible times to drive profit","No idea","Introducing the drink of tea with hot water to eurpoe"
"I don't remember.","Green tea grown in shade.","Tea","The opium wars.","Gold and tea transportation.","I don't remember.","Making tea popular as a drink."
"He scratched himself and a rubbing tea leaves on the wound healed it","Powdered tea whipped with hot water to create a foamy drink","Tea. Rice. Silk.","As part of a peace deal after the Opium Wars","The race by different countries and companies to get tea from China to Europe faster than their competitors.","I can't remember","Making tea drinking popular in England"
"leaves drifted into boiling water he was preparing","by steaming young tea leaves, drying and then removing the stems. Grinded into a fine powder","tea, silk and porcelain","lost the  opium war","to bring tea from China to Britain as fast as possible","Buddhist monks","Popularising tea drinking in England"
"Accidently, can't remember the details","By using green tea leaves. I can't remember anything else.","tea, ceramics, silk","To stop the war, they agreed to cede Hong Kong in return for peace.","It was to make more profit. There was a lot of competition importing tea into Europe therefore being able to transfer it fast meant being able to have an advantage and make more money.","I think it was brought to Japan by a monk.","Bringing tea to England"
"Leaves from a wild tea plant blew into the water he was boiling, and he decided to taste it.","The tea leaves were steamed, dried, then ground into a fine powder and mixed with hot water.","Tea, silk, and porcelain","After losing the First Opium War, China was forced to give Hong Kong to Britain under the Treaty of Nanking.","The race to bring fresh tea to Britain as quickly as possible pushed shipbuilders to design faster vessels, leading to the clipper ship.","Buddhist monks brought tea from China back to Japan.","She helped make tea fashionable at the English royal court and popular among the upper class."
"He was poisoned and a tea leaf cured him","Drying tea leaves into cakes and grinding them then mixing with water","Tea, opium and tobacco","To end the opium wars","Tea exports around the world","By a monk","Popularising tea among aristocracy"
"fell from the skies","powdered tea that was heated ","tea porcelain silk","to end a war","get tea delivered faster to Europe","as powder","brewing tea as a drink"
"He was poisoned and about to die when a tea leaf flew into his mouth and revived him","Matcha was made by first grinding tea cakes into powder and then whisking it in a bowl to make the liquid foamed version of tea.","Silk, tea, and porcelain","Because of the first opium war. They had to cede Hong Kong because they lost.","It was created so that the British could ship tea faster from China to Britain.","Some monks brought the first tea plant into the country","She was the first person who had tea and then introduced it to the rest of Britain"
"it was something to do with being cured of poison 72 times","macha is made by preserving the tea in its natural form and not putting it through the drying process to turn it black","Tea, porcelain and silk ","to end the tea wars","The clipper ship was I think by the East India Dock company to speed up tea runs back to Europe","I honestly cant remember how tea was introduced to Japan, maybe something to do with travelling monks maybe?","was she responsible for popularising tea?"
"He was poisoned and ate the leaves to cure the poisoning.","The tea leaves were dried and ground up into a powder, then mixed with hot milk. Patterns were drawn in the froth on the milk.","Tea, silk and porcelain china.","After the first opium war, but I don't know the year.","Consumption of tea was on the rise across the world, largely due to the spread of the British Empire. Tea trading was a lucrative business and getting the tea to market before competitors was important.","It was mixed with grain porridge.","I don't know"
"He poisoned himself multiple times, and when he ate tea it cured him.","Pressed into cakes","Porcelain, tea, and another thing.","Because of a war.","Competition to trade tea the fastest.","Through trade.","No clue."
"he was poisened by eating plants and the tea cured him","infusing ground leaves with water","tea, silk and ?","because they lost the opium wars","to bring back tea from China","traders smuggled it from China","filtering water through the tea to create modern way of drinking tea"
"some wild tea leaves accidentally fell into his pot of boiling water and he enjoyed the taste","Tea leaves are steamed and dried before being ground into a fine green powder","tea, porcelain, silk","China ceded Hong Kong to Britain due to its defeat in the first opium war. This allowed Britian to have a trading port in Hong Kong","The clipper ship was used to facilitate high speed trade to deliver tea from China to Europe","seeds and plants were taken to japan by travellers and envoys","she created a ritual of drinking tea in the afternoon which became very popular"
"He thought the leaves could be herbal medicine to help cure poisoning.","Grinding the tea leaves into powder.","Porcelain, silk and tea","They lost in the war and this was part of the agreement in order for them to end the conflict.","There was competition between the trading companies to make more money from the tea.","One of the monks brought tea over from China.","For bringing tea leaves to Europe."
"sitting under a tree, eating falling or fallen tea leaves, possibly to try and cure food poisoning or a stomach upset.","tea leves ground up in a paste, water added, cake pressed, sugar or condiments added, then cake eaten as a food as a round flat cake.","silk, tea, porcelain ","because china lost the opium wars, and this was a treaty settlement in favour of the british isles.","The east india company. Thermopolae or cutty sark sailing 'clipper' ships.","by a mystic who sat under a tree plant, and eat a falling leaf to supposedly cure food poisoning.","Making tea drinking popular in Europe as a drink, rather than as an eaten food."
"On a tree","Whisking tea with a wooden brush","tea","To appease them","To transport tea","By boat","Bringing tea to England"
"A leaf floated into the farmers mouth","Matcha was made with the tea leaves, heat and moisture","Tea silk ","Don't know","Trade of opium for tea","Via art","Silk"
"He poisoned himself accidentally and before the poisons could end his life a tea leave landed in his mouth and he chewed on it which resulted in him discovering tea.","Matcha was made by grounding up tea leaves and mixing with hot water.","Porcelain, silk and tea were the three essential export goods","The British took over Hong Kong during a war called the opium war and the British took over","The sale of tea was vast and this led to the creation of the clipper ship.","In the 9th century tea was introduced by creating cakes and grinding it into a powder","She was credited of introducing her husband to drinking tea which introduced the British to the tea culture we know today"
"He found tea leaves which had nice scent and aromatic flavour. He mixed tea leaves in food and started consuming it.","Matcha which is a form of tea was made from tea leaves. Tea leaves were crushed in solid blocks which was then changed to a powder form . The powder was mixed in hot water and was consumed as beverage called matcha.","Tea leaves, oil, paintings","Through ship export.","Clipper ship was the sailboat which exported tea to the Europian countries from China.","It was exported and was consumed in a powder form mixed in hot water.","For making tea in hot water"
"I dont know","it is steamed and then dried out , then ground down to create a powder form","tea silk and porcelin","Due to defeat in the opium war so they were forced to hand it over","Faster cargo transport of perishable goods was needed ","Buddhist monks used it as a medicinal purpose ","she made tea popular to drink"
"he was poisoned, a leaf of tea fell from a tree and into his mouth. He chewed on the leaf and was revived (cured of the poisoning)","by drying tea leaves and making a fine powder from them","Silk, tea, opium","because he was not successful in destroying ships that traded opium for tea","the need to quickly transport tea across the globe","in the form of dried cakes? via boats","Bringing Tea to England"
"he ate the leaves, but then by accident water dripped and it created the drink","by picking the leaves ","silk tea and porcelain","unsure ","it was created for the faster importation of tea","unsure ","introducing tea to england"
"tea by accident","with chemicals","electrics and cars as in goods","because of the opium wars","so it could race to be the fastest t get tea over here","by monks retunring","drinking tea"
"He sampled several plants which were poisinous, he then discovered the tea leaves.","macha was made by grinding down the tea leaves in to a fine powder","Tea, Silk and porcelain","Something to do with the war and thneir security!","The high demand for the tea","Due to trading","No idea"
"He took as an antidote to poison","It was ground into powder","Tea, porcelain and silk","Due to being defeated in the opium war","The transport of tea","By buddhist monks?","For making tea popular?"
"He was poisoned 74 times, then as he was laying sick a tea leaf dropped into his mouth, he chewed it and was cured. 
","It was scraped off from a cake of dried tea, and heated in water or milk.","Porcelain, tea, opium. ","The Opium Wars.","The competition to be the fastest at shipping tea to the UK.","I don't know.","Popularising tea."
"I don't remember","Tea plants were harvested then dried in compressed cakes. These were then ground into matcha powder which was prepared as a drink by being whisked with hot water","Tea, porcelain and silk","In partial settlement of the opium war","The commercial necessity to get tea back from China to Britain faster than one's competitors","As a vegetable? not sure, sorry","Popularising the drinking of tea"
"By finding the leaves and realising they were edible?","The tea leaves were roasted and ground into a fine powder","Tea, silk, dye","To stop opium trading?","Tea export from Hong Kong","Trade with China","Bringing tea to the Iberian peninsula"
"by accident","By compressing the tea in to cakes and then disolving the cakes in hot water.","Silk, Tea and porcelain ","To pay off debts","The need to get tea to India and make tea more easily exportable","By trade with China","Making Tea popular in Europe"
"a tea leaf fell into his mouth and cured him when he was ill","grinding tea leaves","tea, silk, tobacco","Don't know","to transport tea around the world quickly","A guy ate lots of different plants and got ill, then a tea leaf went into his mouth, curing him of his ailments","Bringing tea to the country"
"He was poisoned, sat down to rest and a tea leaf flew in his mouth and revitalized him ","By mixing tea leaves with boiling water and stirring","Silk, porcelain, and tea. ","They lost the First Opium War ","European powers competing against each other to bring tea back from China the fastest. ","Travellers to China discovered the Chinese drinking it and brought it back to Japan as plants to grow. ","Making tea drinking fashionable among Europeans."
"He was poisoned, and a leaf drifted into his mouth. He chewed on the leaf and became better.","Heat tea, pack it into portable cakes, grind it into powder and mix it with hot water. This creates matcha.","Tea
Porcelain
Silk","I don't remember.","To bring tea to Europe first to maximize their profit.","A Japanese brought the first tea plant to Japan. The Japanese did their own unique rituals around tea.","She made the tea popular."
"he discovered tea in 2737 Bc Through a happy accident","Matcha is made by shading green tea leaves, drying them and grinding them into a fine powder","Silk. Tea, Porcelain","China ceded Hong Kong to Britain after losing thw first Opium war","It was created to move goods faster especially tea during growing global trade","Tea was introduced to Japan in the 9th century mainly through cultural and religious exchanges with china during the Heian period","Queen Catherine of Braganza is credited with popularising tea drinking in England in the 1600s"
"he ground it into his porridge","ground dried tea leaves into cakes then added milk? and whisked into it","tea, porcelain, silk","Because it was an important port","The need for it to be fast for trade routes","a botanist took tea plants and workers who knew how to grow it from China","making tea drinking popular"
"while sitting under the tree and a leave blew on his face","by grinding leaves","porcelain, silk and tea","the ports","to trade for tea leaves ","importing it ","growing tea"
"Aftetr being poisoned","Matcha is made by shade growing tea plants, harvesting the leaves, steaming and drying them, removing stems and veins, and then grinding the leaves into a fine green powder using stone mills.","tea","losing the First Opium War","To transport tea from China to Britain","Through a monk","popularizing tea drinking in England"
"He poisoned himself a lot and then a leaf fell into the water and he drank it which made him better. However there are no known poison cures that tea gives","Squishing dry tea leaves into a cake shape","Tea and pottery. I can't remember the third thing","Something to do with opium wars and being smashed up by British vessels offshore","Being able to get tea for China to Europe the fastest","Someone travelled to Japan with the plant so they could grow it","She made Tea drinking popular"
"He poisoned himself with other edible grains, but before they could end his life he tried one more which later became tea  ","It used to be eaten as a vegetable and later on some discovered that a combination of heat and water can create matcha ","tea, porcelain and silk","because they got defeated by the British ","to be able to bring more goods over from china ","from the British ","for making tea popular "
"A leaf blew into his mouth and made him better after he had been poisoned trying other leaves.","The leaves were grounded","tea, silk and porcelain","I cannot remember.","to bring tea quicker and fresh to Europe","I cannot remmember","making drinking tea fashionable "
"He got poisoned 72 times, and then he found a cure, which was a tea leaf. ","In Japan by hand-picking leaves","Tea, ","There was a war over opium. ","To bring more tea to Europe","I think monks from China brought it to Japan. I don't remember much","Changing the currency from silver to opium"
"I am not sure/dont remember now ","Tea was changed into cakes then  boiled to consume as a drink ","Porcelain 
Silk
Tea","They lost the First opium war ","To get a foothold of tea trade between China and Europe ","I dont remember exactly but I think it was Buddhist monks","Introducing tea to the English people "
"he was poisoned, a leaf dropped inside his mouth and he chew it by mistake. He survived. He then discovered the tea","matcha was firstly made by eating eat and then was introduced as drinking","silk, tea and porcelain","because lost the opium war ","intense commercial pressure especially tea from China","they brought tea seeds to japan and they aknowledge the drinking of tea","because she introduced first the tea drinking in England"
"According to the ancient legend, a leaf drifted into Shennong’s mouth after he had accidentally poisoned himself, and when he chewed it, it revived him, leading to the discovery of tea.","Matcha was made by heating tea leaves, packing them into portable cakes, grinding them into powder, and then mixing the powder with hot water to create a beverage.","Tea, porcelain, and silk.","China ceded Hong Kong to the British because it was defeated in the First Opium War and had to resume trading on unfavourable terms.","Intense competition between Western trading companies to bring tea back to Europe first and maximize profits led to the creation of the clipper ship.","Tea was introduced to Japan in the 9th century when a Japanese monk brought the first tea plant from China to Japan.","She is credited with making tea popular among the English aristocracy after marrying King Charles II in 1661."
"The leaves fell and he got his servant to brew them in water.","Matcha was made by grounding down the tea leaves into a powder.","Porcelain, silk, and tea gave China significant power and economic influence.","China ceded Hong Kong to the British after the Opium Wars","The clipper ship was created to win the trade war and allow the East India Shipping company to transport tea. Tea had become so popular that they wanted to have the fastest shipping method and beat any competition.","Tea was introduced to Japan by monks who had visited China and took tea back to Japan","I cannot recall her exact significance.  I have a memory of her being mentioned in the first video, so as a guess, she brought tea to Europe."
"he came across it in the forest and tried it","from a plant mixed with the tea plant","shipping, tea,","im not sure","transporting tea in it","unsure","bringing tea to the UK"
"When a wild tea leaf fell into his pot of boiling water.","Shading tea plants before harvest to boost chlorophyll, then steaming, drying and removing stems from leaves to create tencha.","Not sure","Not sure","Can't remember","By Buddhist monks","Popularized tea drinking in Britain"
"He stumbled upon it while collecting herbs. ","The leaves were boiled and mixed with some kind of powder then pressed into cakes. ","Porcelain, tea and opium","It was part of the settlement of the Opium wars and gave them a port. ","The need to get the tea to Europe while it was fresh, without stopping on the way. ","Can't remember, would have to guess. ","Making tea drinking fashionable among the upper classes. "
"I cant remember ","Matcha was made by growing tea leaves, then steaming, drying, and removing something. The leaves would then produce a green powder that is whisked with hot water to drink.","I don't remember ","It lost the opium war and was forced to give it up. ","competition, having the fastest ship meant getting two trade places quickly and beating the competition. ","I don't remember  ","I don't remember  "
"He was poisoned by accident and then a tea leaf blew into his mouth and cured him.","A cake comprised of tea leaves was put in a pot with hot water and honey.","Tea, silk and gunpowder","To end the opium wars.","The need to transport tea quickly.","It spread from China","Don't know."
"he chewed on the leaf and it healed his poisoning","It was made by grinding the tea leaves up into powder","Tea, silk, porcelain?","To chill the war out?","For the dutch taking tea to europe?","Monks?","Making tea popular with the brits"
"According to the video, the legend states that Shennong discovered tea when he was searching for grains and herbs then he got poisioned by some leaves then he ate the tea leaves and didn't die. ","Matcha was first made by drying the tea leaves and moulding them into cake form and then grinding to powder to make the tea. Then it evolved later to just steaming, drying, removing the stems, and grinding into fine green powder. ","Tea, Porcelain, and Silk","This was as a result of the defeat in the first Opium war. It was part of an unequal treaty after China lost the war tied to trade disputes , especially over Opium. ","it was the intense commercial competieion and race for speed import and exportation of tea in global trade that led to the creation.","Tea was introduced into Japan through the buddhist monk travelling to China","She was creditied with popularizing tea drinking in England in the 1660s"
"he was poisoned because of something he ate and therefore he tried the leaves and was cured","when tea leaves were made as powder form ","tea, silk and porcelain ","Because of the conflict","To deliver tea to europe as soon as possible and to compete with other careers of tea","An emperor came to china and took tea tree with him back to japan","introducing  tea to english people"
"tea leaves fell into some water","it was made from coffee","tea, silk, rice","as compensation for stop selling opium into China","the Cutty Sark","as a cake","introducing tea to England"
"he chewed on a leaf","with a cake of leaves that was crumbled into hot water","tea, silk, porcelain","they gave it after the first opium war so Britain had a permanent trading base","to bring tea from India at speed","monks","she introduced tea to the English market"
"It was accidental.","By turning tea leaves into powder.","Tea","because they were defeated.","The need for a faster ship.","I am no longer sure","I am no longer sure."
"He saw it growing and tasted it","It was crushed tea leaves made into little cakes","porcelain tea and silk","They gave away territory to the British in return for silver","Tea became very profitable and was hugely in demand. Fast ships were needed to get the product to Europe","it was distributed from China","Making tea with boiling water"
"I cannot remember how he found it, but I think he used it to cure an illness he had.","It was made using the tea cakes dissolved in water","silk, tea, and wood","I cannot remember","I genuinely cannot remember...I feel like it was to improve deliveries?","By boat from China","I'm sorry I cannot remember"
"he was bitten by snakes/a snake 72 times and he used tea as a form of medication that cured the bites","the tea leaves were dried to preserve them, and hot water was added before use","tea, silk and porcelain","to stop the distribution of opium?","to speed up the transport of tea from China to Europe","Tea plants were taken to Japan as part of an agreement?","introducing tea to Europe "
"He ate 72 poisoned herbs ","It is harvested off the bush and then dried and ground into a fine dust","Tea, Silk and gunpowder","To pay off it's debts and stop the British selling opium to the Chinese","The fight to get tea back to Europe as quick as possible","It was traded with them from China","Bringing tea to ENgland"
"He ate some poisonous fruits and kept eating leaves to get better","tea leaves were blended into cake and then powder and mixed with hot water","tea, porcelain, cotton","British won the opium war against china","everyone wanted their tea to get to the destination faster","in cake form","for bringing tea into europe"
"A tea leaf fell into his hot water and he realised it made him feel better","Matcha was made by growing tea leaves in the shade and then ground","Tea, Textiles, china crockery","Because they wanted to restore national dignity","They were created to meet demands for carrying cargo including tea","Tea was introduced by buddhists","she introduced tea drinking in England"
"Shennong ate a number of poisonous plants and berries while in the forest and then ate tea leaves which saved his life.","Matcha was made by pouring water on cakes of tea leaves and whisking.","China's three essential export goods were silk, tea and porcelain.","It lost the opium wars. ","The colonisers trying to beat each other to and from china to acquire and sell tea.","As a concession of the war by China. It was still eaten as a plant.","Introducing the use of tea leaves and the drink of tea to England."
"leaves accidentally blew into his pot of hot water","leaves are dried and ground into a powder","Silk, porcelain and tea","This was due to the opium wars","The clipper ship was introduced to transport tea to Europe as quickly as possible from India.","Tea was introduced to Japan by Monks from China","She popularised drinking tea."
"he saw a ghost","by boiling in milk","tea, opium, and silk","because they lost the opium was, Hong Kong was a concession to resume trading ","the need to be the first to market by having the fastest sailboat","it was smuggled in by the british","making tea more commonplace"
"he knocked over hot water","leaves were ground into a fine powder ","Silk, porcelain, tea","Not sure","faster transport of high valued goods","Not sure","drinking tea in england"
"by trying different plants and being poisoned over 70 times when a leaf floated down and into his mouth healing him ","drying and compressing leaves into a block then adding water","tea","as a result of the opium wars","the desire of merchants to import tea quicker than their rivals ","it was taken there by monks","making tea popular in Europe "
"I cannot recall","The tea leaves were ground into a powder and consumed with hot water","tea, porcelain and cotton","Because of pressure placed on them by the British, they were attacked - something about opium...","I do not recall","Something about coffee?","I do not recall"
"by being poisoned","by finely grinding tea leaves and mixing with milk","tea, cotton and rice","due to the wars","wanting faster imports","by importing from China","drinking tea at her wedding"
"he poisioned himself and found that tea reversed that poisioning,","they shade the tea before hand to stop sunlight hindering the process of that matacha making","tea, silk and porcelian","as they wanted to trade items i think? i believe they wanted something in return for trading tea??","for the demand of tea products and consuming","in a ceremony/ritual ","queen catherine of bragnaza was credited for her influence on british tea drinkng in the 1600 and how she enjoyed that"
"leaves blew in the water","i can't remember","tea ceramics ","something to do with opium i think","to transport tea","by a monk","drinking tea"
"he was boiling water under a tree and some wild  tea leaves fell into his pot","it is made by taking shade grown tea leaves steaming and drying them to produce tencha and then removing stems and veins before grinding the leaves into fine powder.","silk, tea, porcelain","It was defeated in the first opium war","The demand for speed in international trade.","It was buddhist monks returning from study in China who introduced tea to Japan","She popularized tea drinking in England"
"can not remember","it was ground down into a powder and then mixed with water ","porcelain,
tea and silk","As part of the settlement after the opium war between Britain and China","To enable the merchant to get his tea to England in the shortage possible time and thereby first to the market to then maintain a high price.","It was ground down to a powder and used this way","With making tea really popular within the United Kingdom "
"The wind blew the tea leafs into boiling water","Steaming tea leaves","tea, leafs","They had subsequent losses in the second opium war","Maximising profits for naval ships","Buddhist Monks brought back tea seeds and tea leafs","She popularised the custom of drinking tea in England"
"He picked it and ate it in a salad to begin with and discovered it could be good.","It was ground down leaves, which were then pressed and mixed with hot water to drink.","Silk, tea and copper","Something related to the production of tea.","The growing demand for tea within Europe.","In the form of loose tea leaves","I can't remember at all"
"a tea leaf floated down and landed in his mouth after he had been poisoned 75 times","I can't remember","tea, porcelain, opium","not sure","get tea shipped around the world","not sure","bringing opium?"
"He poisoned himself eating something in the forest. As he lay dying, a tea leaf fell into his mouth and he was revived","the tea leaves were soaked in water, formed into bricks, dried out and then ground up into powder","tea, silk, ceramics","To stop the the British from bringing opium into China along the Eastern coast","The East India Tea company racing against other European countries to export tea from the East to Europe as quickly as possible","don't remember","bringing tea to England"
"When leaves from a wild tea plant accidentally fell into the pot of boiling water he was using while testing plants in the forest. He tasted it and found it medicinal.","Matcha wa made by shading tea plants, picking the young leaves, steaming and drying them, removing stems, and grinding the leaves into a powder.","tea","After losing the first opium war against china","It was developed to transport goods faster, especially tea from China to United Kingdom. The competition to deliver fresh tea quickly led to faster ship designs. Clippers were the fastest sailing vessels at that time.","Tea was introduced to Japan by buddhist who travelled to China. They brought back tea seeds and the practice of drinking tea, where it was first used mainly","popularising tea drinking in England"
"Its mythical - but he would try various herbs and spices frequently. Tea leaves managed to get into boiled water he had and he enjoyed the flavours.","Matcha is a result of the tea leaves being ground into a fine powder and drank unlike the leaves would be discarded. More intesnse flavour ","silk, opium, tea","They were coerced by the military due to opium wars, they did not choose to.","It was created to ensure speed for global trade demands. Was the fastest sailing to ensure prompt goods moveable","bhuddist munks returned from travelling to China and introduced tea","She made drinking tea popular. It was uncommon in England beforehand."
"I can't remember","Grinding tea leaves","Tea - not sure of the other two.","Can't remember","The need to increase the speed of transporting goods.","Through travel","Popularising tea consumption"
"I believe it was by accident when tea leaves blew into a pot of boiling water","Green Tea leaves were steamed, dried and then ground and pressed into cakes of fine powder","Tea, silk and porcelain","As a concession at the end of the first opium war","To meet the demand for fast transport to move valuable and perishable cargo quickly around the world","It was introduced by Buddhist monks who brought it back from China","She is credited with making tea drinking popular in England."
"tea leaves blew into his mouth and he chewed them","tea leaves were crushed into fine powder and fermented into a drink","Silk, tea and porcelain","deal involving oil","To transport tea to other parts of the world as fast as possible for trade.","brought back when warring with China","No idea"
"He ate a plant that poisoned him, and then a tea leaf drifted into his mouth and cured him","It was soaked, compressed, dried and then grinded into powder.","Tea, opium and unknown","I don't know ","The increasing demand for tea shipments to the Western world","It was taken there by the Chinese, which caused the Japanese to create their own cultures and traditions around matcha.","I don't know"
"He was poisoned and by eating the leaf of the tea plant recovered","Can't remember","Silk, porcelain, tea","At the conclusion of the Opium Wars to get Britain to allow trading of tea again","The need to export tea due to its popularity","By Chinese traders","Made tea a popular drink in England"
"I don't remember","from the fresh tea leaves.","tea, silk","I don't remember","tea trades","as food first.","Spreading the tea across UK"
"he noticed that tea leaves are a cure for poisoning","was made from tea powder","silk, tea, porcelain","it was after war","I don't know","Chinese people gave it tea as a gift","I don't remember :("
"By adding it to boiling water","By grinding tea and boiling it","Tea, Coffee, Opium","Because of the Opium wars","Trying to get tea back the fastest to take advantage of its popularity","By the British","Drinking tea"
"did it fall into his meal?","a dried block of teas leaves was powdered, then added to water and whisked with a bamboo whisk","porcelain, silk, and tea","I think this was about access to shipping routes","the rush to be the first to bring tea to Europe","I don't remember","I don't remember"
"I don't remember","I don't remember","Tea, silk, opium","Defeat in the opium wars","Trying to reduce the time needed to travel trade routes","A monk brought back seeds from their travels after tasting it","Making tea popular in Britain"
"When tea leaves dropped into his boiling water. ","Grinding leaves into a powder and mixed with water into a drink. ","tea, silk and china","Loss in the opium wars","To be the first to deliver worldwide of all the countries. ","From China. ","Can't remember. "
"I don't remember","Tea leaves were dried and then ground down into a powder which was then compressed into round cakes before being stewed in hot water","Silks, tea and pottery china","So that they could still trade tea out of China","The need to race across the ocean to sell the tea in Europe","They ate the leaves","I can't remember"
"He poisoned himself, then tea leaves blew into his mouth and revived him.","Tea leaves boiled, dried, then crushed into a powder.","Tea, silk, ceramics","Because they lost the Opium war","The drive to get tea transported across to Europe.","Can't remember.","Popularising tea-drinking in Britain"
"he was poisoned as use tea as as a cure","grinding of leaves","silk, tea, ","they were defeated? Not too sure ","as countries wanted to get hands on tea the quickest","matcha, can't remember","introducing popularity of tea drinking to england"
"He came across it ","Formed into balls","Porcelain, tea, silk","Tea wars","The need to deliver tea quickly to the west  to get sales","The tea plants were smuggled in?","Bringing tea to the english upper classes"
"unsure.","growing tea leaves, steaming them and then grinding them into a powder.","I'm unsure - possibly clothing as one.","Unsure. ","Sorry I can't remember this answer.","cannot remember this detail.","Sorry I do not know. "
"He ate a leaf and it treated his poison, it then led to tea","it was made by mixing a powder and mixing it with tea","Tea","I am unsure ","to speed up delivery due to competition","I am unsure","Making tea popular in britain"
"the leaves fell into his mouth","leaves ground up and mixed with water","tea, spices, silk","not sure. ","to speed up the distribution of tea.","not sure. ","bringing tea to England"
"He kept trying ones over and over again until he found it","By boiling the tea cakes and then letting it cool","silk, tea, medicine","There was a war that Britain won and one thing was they also got Hong Kong","To bring tea to Europe in the fastest way. The business with the fastest ship could get to more customers first, therefore selling more and making more profit.","As a drink using tea cakes","She drank tea and introduced the King and the British public to tea so she helped to make it popular in Britain. "
"He discovered it in the forest and heated it up to make a drink.","tea ground into loose tea and heated with water.  It was frothy.","porcelain, tea and silk","For financial reasons","To transport tea to other countries","Brought by ships.  Tea was ground and heated with water.","Introducing tea to England and Great Britain."
"leaves accidentally blew into his hot water and he drank it","grinding up leaves","silk, tea and porcelain","they lost the 1st opium war","to transport tea from china to britain","by buddhist monks","she made tea fashionable"
"He found that is had mythical properties using his special sight. ","I honestly cannot remember, but does it involve crushing the leaves into a powder?","Tea, textiles, garments","As part of a treaty during the Opium War","It was used to speed up trading","Through trade with China","Popularising the drinking of tea in England"
"A tea leaf fell into his mouth by chance and saved him from the intoxicating substances he had in his body","tea leaves were essicated and then grinded into a fine powder to be mixed with hot water","silk, porcelain and tea","To ease the trade of tea","There was a necessity to have the fastest ships for quicker transport","Through Britain","Dont remember"
"He ate some tea","By grinding tea leaves into a powder and compressing into cakes.","Tea, silk, opium.","To stop them trading in opium.","The need to transport tea fastest to make the most money.","By a Japanese emperor
","Bringing tea to Britain"
"According to the legend, Shennong discovered tea when leaves from a wild tea plant accidentally blew into his pot of boiling water.
Curious about the aroma, he drank it—and found it refreshing and beneficial, leading to the discovery of tea.","Tea plants are shade-grown for a few weeks before harvest to boost chlorophyll and flavour.
The youngest leaves are hand-picked.
Leaves are steamed to stop oxidation, then dried.
Stems and veins are removed, leaving only the soft leaf material (called tencha).
The tencha is then stone-ground into a very fine powder, which becomes matcha.","silk,tea and porcelain","China ceded Hong Kong to the British after losing the First Opium War.
As part of the 1842 Treaty of Nanking, China was forced to hand over Hong Kong following defeat by Britain, largely due to conflicts over trade (especially the opium trade).","The clipper ship was developed because of the high demand for faster transport of tea from China to Europe.
Merchants wanted the freshest tea to arrive first, which led to intense competition (known as the “tea races”). This pushed shipbuilders to design faster vessels—resulting in the creation of the clipper ship.","Tea was introduced to Japan in the 9th century by Buddhist monks who brought it back from China.
They had travelled to China to study and returned with tea seeds and the practice of drinking tea, initially using it for religious and medicinal purposes in monasteries.","She is credited with popularising tea drinking in England.
When she married King Charles II, she brought the habit of drinking tea with her from Portugal, helping make it fashionable among the English court and upper classes."
"he consumed poison but was cured by yea","was it ground up leaves","tea but i dont remember what else","to avoid further conflict over ports","there was a race to be the first to get tea to the market so having the fastest ship meant you could be first and get the best price","it was taken on boats","Making it popular"
"A leaf dropped into his mouth","Bricks of tea were ground up and then hot water added and the mixture whisked","Porcelain, silk and tea","As a result of losing the first Opium war","The need to transport tea from India to the west rapidly","It was brought to Japan from china by a monk","Populising the drinking of tea in England"
"he kept getting poisoned by things he was eating but ate some tea leaves and was cured","by turning it into a powder and pressing into blocks","porcelain, silk, tea","they lost the opium wars","to get to ports faster","a monk took it back after visiting china","introducing tea"
"The found it while wondering in the wilderness","Matcha is made when tea leaves are ground down into a firm form.","Tea, Porcelain and spices","Hong Kong was ceded to Britain as a consequence of the opium wars, which china lost.","The trade war and search for profit. Traders who could bring goods to europe from asia the fastest stood to make the most profit.","It was brought by religion people from mainland china to japan.","She is credited for pushing for one of the first royal charters regarding companies in asia"
"He was poisoned and looking for an antidote in the forest and chewed the tea life and got better ","It was made by drying tea into cakes, then grinding them into a powder","Ceramic pottery, Silk and Tea","It lost naval battles along the coastline","Competition for tea trading along ocean routes ","Via naval trading ","Introducing drinking tea to the western world "
"Goats?","The tea leaves were ground up and made into little round cakes. The hot water was then poured onto these and made the foamy drink which was matcha","Pottery, tea, silk","It was in return for ending the war with China.","Boats were needed to be fast to get the tea over as quicky as possible. ","It was brough over by an emporer. ","Making tea a new common drink in europe. "
"when leaves from a nearby plant accidentally fell into a pot of boiling water","steaming and drying tea leaves, then removing the stems","tea, silk, and porcelain.","after losing the First Opium War, with the territory formally handed over","to meet the demand for faster global trade, especially during the China tea trade and the California Gold Rush","by Buddhist monks, particularly Saicho","popularising tea drinking in England during the 1600s after marrying King Charles"
"by accident, while looking for edible herbs","by steaming leaves and then drying them","silk, porcelain, tea","they lost the first opium war","the need to have bigger and faster boats for exporting more goods","by monks coming back from China
","Making tea popular in the West"
"tea leaves fell into his tea pot
","with froth milk ","silk porcelain","because they were defeated during the opium wars
","to move tea to great britain quicker","buddheist monks
","making tea popular
"
"He chewed on leaves from the tea plant which acted as an antidote for clearing toxins from his system","Tea leaves were crushed and dried into cakes. Then the cakes were mixed with boiling water to make matcha","Silk, tea and spices","China lost the Opium wars","The need to ship tea from China/India as fast as possible back to Europe and around the world","By travelling monks","Introducing tea to the English"
"He discovered tea when leaves from a nearby plant blew into a pot of boiling water he was preparing, creating the first tea infusion.","Was doing well","Tea, silk, and porcelain.","China ceded Hong Kong to Britain after losing the First Opium War (1839–1842) and signing the Treaty of Nanking (1842), which required it to hand over Hong Kong as part of the peace terms.","The clipper ship was developed to speed up long-distance trade, especially the highly profitable tea trade between China and Europe/America, where faster delivery meant higher profits and fresher cargo.","Tea was introduced to Japan in the 9th century by Buddhist monks who brought it back from China after traveling there to study.","She is credited with popularizing tea drinking in England’s royal court and making it fashionable among the British elite."
"when a tea leaf fell onto his head ","It was crushed and put into a cake and hot water was poured over it ","pottery, tea and silk ","Because they lost the war due not liking the trade agreements made in britain favour ","To transport tea to beat the competition and to generate more profit","imported from china ","By bringing tea to britain "
"I cant remember","I cant remember","not sure, cant remember","I don't know","The boat was built due to the demand for tea across the world","I cant remember","Making tea a popular drink"
"He was poisoned and found a leaf that cured him.","Don't know.","Don't know.","Because of opium wars.","It was born out of competition for the fastest ship to get tea from China.","Don't know.","Made tea popular."
"I know it's not this but surely by accident. ","grind it up & boil it?","Silk, tea and I don't recall the third.","They lost the opium war.","New technology, again I vaguely remember something beyond new tech but nothing is coming to me.","I can't remember at all. I'm gonna guess by boat. Let's reason this out and say there was trade between the two nations at the time and some trader got involved.","Pass, I've vaguely heard of her before but nothing is springing to mind."
"he was tasting many different types of teas and then came across this one","through grounding fresh green tea","tea, spices, fish","no idea","n/a","dont know","supporting women"
"it blew into his mouth and saved him after he ate something poisonous","the leaves are dried, crushed then steeped in hot water","tea silk pottery","because the British were attacking them because they refused to trade tea for opium as the Chinese population became addicted and suffering","a race to bring tea to the western world fastest","a plant was taken over by a monk","bringing tea drinking to English culture "
"I really cannot remember, sorry!!","Hot water was poured over the powder and whisked gently to create the tea...","Silk, Tea and Porcelain","As part of the peace settlement to end the Opium Wars, it was one of the concessions that China made to the British. Hong Kong was strategically located.","It was to get the tea from China and bring it back to Europe as quickly as possible in order to get it to the market quickly.  Whoever could get to market first would make more money.","Gosh, I can't remember - someone travelled to Japan with the tea.","Making tea drinking popular in England."
"Shennong was visited by a divine spirit in the form of a monkey. The visitation was followed by the miraculous growth of a tea plant.","Tea leaves are dried over a long process before being rolled and crushed to produce a tea powder. It was easier to export powdered tea in tea chests without the concerns of fresh tea products becoming inferior while being transported.","Tea was the major export giving China significant influence around the world. Silk and porcelain were also influential export goods boosting the economy and giving power to China. The silk road is a very ancient trading route through Europe and the middle east to China.","Hong Kong was ceded to the British because of the opium wars and pressure from Britain through aggression. Britain was aware of how important Hong Kong was as a port and to enable continued trading around the world.","The clipper ship was created to transport tea to Europe's great ports speedily across the oceans. The fast clippers enabled more financial success and fresher tea through speedy delivery.","Tea was introduced to Japan in a powder format. Japanese culture has an whole ceremony to the drinking of tea.","Queen Catherine was credited with popularizing the drinking of tea in England. She was influential in promoting the drinks health benefits and the culture of tea drinking that we see so prevalent in British culture to this day."
"A leaf landed in his mouth.","Making the leaves of the plant into a powder.","Tea","As part of an agreement regarding the export of tea.","The increased demand for tea in Europe.","Don't remember","Making the drinking of tea popular in England."
"Shennong poisoned himself, and searched for a cure by eating lots of different plants. When he can across a tea plant and ate it this provided a remedy to the poison.","Match is made by first heating the tea leaves, then pressing them into cakes, then breaking these down into a powder. A drink is then made from this by steaping the powder in hot water.","Silk, porcelain and tea.","As part of the agreement in the tea trade, Hong Kong was a concession made the Britain in order that they do not continue the Opium War.","The ship was created for speed so as to give its owners an advantage in the tea trade. It meant that they could ship the tea more efficiently.","It was introduced from china in loose leaf, and the fashion in Japan became to heat it, press it into blocks and then make a powder from it called matcha,e a tea drink when mixed with hot water.","Making tea a fashionalable drink, the type that is loose lef tea steaped in hot water."
"It fell from a tree","By crushing tea leaves and mixing them with milk/water","tea, opium and tobacco ","because it was a strong port to be exporting goods into Europe","The need to be importing tea into Europe","through China","Starting the afternoon tea culture"
"unsure","tea made into a pate","tea, silk, fabric","Due to colonism","Transporting tea","from china","adding hot water and making it a hot beverage"
"Unsure ","Unsure","Boats","Opium trade","Unsure ","unsure","King Charles 2nd"
