"part3_id","Group","prop_correct","practice_prop"
"615cb147f04efc8a8c2ff1e5","SAQ",0.642857142857143,0.39
"66799043863669170269eedf","SAQ",0.657142857142857,0.44
"5f5a14224848f606446bbca8","SAQ",0.714285714285714,0.69
"616fd2048c982b1d27653870","Restudy",0.371428571428571,NA
"56ab6fd869b24700065cbdbd","SAQ",0.614285714285714,0.54
"5dee651e58776a51569d31f3","SAQ",0.8,0.76
"5f835b913ffc5f0fd6bc7492","Restudy",0.2,NA
"595d3afcdd044900012ce78a","Restudy",0.671428571428571,NA
"62c6ad01d7ad711abdf2eb4c","SAQ",0.671428571428571,0.49
"62b437a2dbff0b6b3d0121e4","Restudy",0.728571428571429,NA
"670be097fae6e39ea154f7df","Restudy",0.671428571428571,NA
"673741d5e8999c8a575d36b1","Restudy",0.414285714285714,NA
"5e4feb8037713502e9ed364b","SAQ",0.635714285714286,0.35
"676556ccb7aac9ede13d73c9","Restudy",0.371428571428571,NA
"66d31a1b0515fe747830bab9","SAQ",0.685714285714286,0.73
"5f5503ae8eeab9093c445251","SAQ",0.5,0.6
"628f7669ee68aabf3930123b","Restudy",0.535714285714286,NA
"6319ff03df1e7848122f18b1","Restudy",0.528571428571429,NA
"5efb79846ed89a0e53051c30","Restudy",0.514285714285714,NA
"56e324ade414dc000c8b40d0","Restudy",0.671428571428571,NA
"6978e42e661ece4dddd9eb44","Restudy",0.614285714285714,NA
"5f39a2fd2d394917284dd66f","Restudy",0.264285714285714,NA
"5d7f5edd19788b00010d954c","Restudy",0.471428571428571,NA
"5ea20fd571038c119083a8df","SAQ",0.514285714285714,0.56
"63f77a5dde1ea03305e119e0","Restudy",0.907142857142857,NA
"5bd2a0799afb5b00015be460","Restudy",0.614285714285714,NA
"6969682819258eddb397598e","SAQ",0.557142857142857,0.81
"5e90540a9622ec3628270555","Restudy",0.514285714285714,NA
"6765b501bf830acd8f0e20ba","Restudy",0.65,NA
"63ac36665e9b2bd1c2cda1ba","Restudy",0.407142857142857,NA
"69a335cdd0de6030573dbd20","Restudy",0.678571428571429,NA
"6659fb37cee75e81ac1c8e5c","SAQ",0.514285714285714,0.66
"5788c16f275be600013590a8","SAQ",0.785714285714286,0.89
"58bfee7de5869400018f5e9e","Restudy",0.514285714285714,NA
"59400f1c6b84600001e76c13","SAQ",0.478571428571429,0.55
"616ab1b6df359dcb87a8b0e5","Restudy",0.614285714285714,NA
"627a76b96bea55210aecbba9","SAQ",0.578571428571429,0.55
"5ea00c9769e0250009a479df","Restudy",0.371428571428571,NA
"5ae88efd9d82560001bdc598","SAQ",0.371428571428571,0.65
"63d7c110ae88487271c4bfd1","SAQ",0.628571428571429,0.63
"6978ca0e47e0a4549d470ae7","SAQ",0.671428571428571,0.75
"631755de69157e27c295a340","SAQ",0.257142857142857,0.33
"69c168fca6d68ca06a4219ca","Restudy",0.621428571428571,NA
"67e0870d582edce0a2764d1f","Restudy",0.8,NA
"69bc2604a076b7bafaa9f016","Restudy",0.421428571428571,NA
"5e39fa4332667b2143e1d998","Restudy",0.371428571428571,NA
"697a617c5a65b0190b2fd918","Restudy",0.728571428571429,NA
"6658b181c00bf8747d5c793b","SAQ",0.5,0.65
"673b7de4a2e905d7e456db70","SAQ",0.442857142857143,0.55
"5ed91ca79e50c2472f4045a2","SAQ",0.6,0.37
"5dcb2bb4ae3b3b814b5fe27d","SAQ",0.45,0.59
"62b8b2be4c2b1d481f4f68c0","SAQ",0.628571428571429,0.73
"5ee0edcb962eba464f486b40","SAQ",0.628571428571429,0.48
"69938c18c4e77ddc97fe78c8","SAQ",0.628571428571429,0.53
"5953668fb2e8430001ea478f","Restudy",0.578571428571429,NA
"61364d250433ee40764f71b4","Restudy",0.371428571428571,NA
"6641059cdec71f7b7d5a5e2b","Restudy",0.785714285714286,NA
"660ea65b18972d0e6a14a896","Restudy",0.621428571428571,NA
"65cbbbcc5c1ef8b850c91eb5","Restudy",0.492857142857143,NA
"5f75f7a73bf0b60009f88e38","SAQ",0.7,0.55
"61594f3d0ab0ed54b1deb3ec","Restudy",0.492857142857143,NA
"5f6c69c8ef3322000b04fc6a","Restudy",0.65,NA
"5838532eaac091000137f09e","SAQ",0.614285714285714,0.37
"5e99760adc79bf1a87441b86","SAQ",0.685714285714286,0.52
"6744d143eddffd17d345b192","Restudy",0.407142857142857,NA
"56b4d0bb5ac959000d28beb5","SAQ",0.628571428571429,0.47
"697900ae46a7b40c447e7e88","SAQ",0.742857142857143,0.67
"67ab774ce8f7c0ef8f2fbcd7","SAQ",0.757142857142857,0.84
"5df0c64767a23610ed01d9c7","Restudy",0.535714285714286,NA
"5ca8d97aed17090016e1f2ef","SAQ",0.614285714285714,0.46
"5ae9cde00335e200019e9eed","SAQ",0.635714285714286,0.32
"5ea159434ac916016387488e","Restudy",0.464285714285714,NA
"6303b06e6c5c25b452b2d1e3","SAQ",0.514285714285714,0.65
"66dd8fd2905d609d29ccf008","Restudy",0.4,NA
"676574e0a2caa752387f1b1c","SAQ",0.671428571428571,0.48
"5b70758cf3dd6600010aa9eb","Restudy",0.3,NA
"5e903aadbf2af034503d9bac","Restudy",0.721428571428571,NA
"6759cf4aa98832e7c32a61b3","Restudy",0.8,NA
"5ea38a4693216f1a0310f906","SAQ",0.764285714285714,0.65
"6883a8504728f57551e8c82b","SAQ",0.957142857142857,0.96
"581f6c63930a280001062e8c","Restudy",0.628571428571429,NA
"6614fb6af3c5aa23b962ea2d","SAQ",0.614285714285714,0.52
"670d2513894d1c633eeb11a6","SAQ",0.757142857142857,0.47
"639f294882a3797f77a3dd81","Restudy",0.628571428571429,NA
"69982bfa1ee6046d7dc34144","SAQ",0.714285714285714,0.53
"69c2b99c139477024421c669","SAQ",0.635714285714286,0.52
"6110c7e6ccdfb13e3dde5f4f","Restudy",0.664285714285714,NA
"5870336cdb3e720001e230cd","SAQ",0.771428571428571,0.73
"698383a5501f2146dff5966a","SAQ",0.757142857142857,0.55
"5dd2d8126ac608000a330132","SAQ",0.685714285714286,0.5
"58713c5e58ca4c00018ce3ea","Restudy",0.457142857142857,NA
"571a1295c97ad400123ab3bd","Restudy",0.35,NA
"675230b036aa5c694a8c4dd5","Restudy",0.842857142857143,NA
"64137cf15dfe79e9ff198054","SAQ",0.457142857142857,0.43
"5f35050d72e95343c64aef66","SAQ",0.578571428571429,0.58
"66742448a766391b65261301","Restudy",0.492857142857143,NA
"5da18dd5f362630015ee5f72","SAQ",0.514285714285714,0.37
"66d5b98153700fd933371467","Restudy",0.4,NA
"678ea8b3a094ea0ba1319d21","SAQ",0.428571428571429,0.53
"6730f2e20f5915ff4ad2c07d","Restudy",0.757142857142857,NA
"5c5ca0ce4ee81200018eaf51","SAQ",0.75,0.52
"5984e46fc0334000018fdbbb","SAQ",0.685714285714286,0.66
"613637a4f7a0e5359082010b","SAQ",0.478571428571429,0.44
"5c0a29b6c307a400016adb9f","SAQ",0.528571428571429,0.63
"6277fb597942c07d74b16b98","Restudy",0.535714285714286,NA
"559bbbdafdf99b7ce19d5b3d","SAQ",0.871428571428571,0.75
"6968cd8ed53f5a3a484cf82a","SAQ",0.828571428571429,0.68
"697913a58dc4a9fc4359367a","SAQ",0.814285714285714,0.92
"5a9ea9fe1ade740001b92063","SAQ",0.714285714285714,0.42
"5dffe96782a955c221410ed4","SAQ",0.414285714285714,0.43
"63e6378e04ade071ebf9ff9c","Restudy",0.6,NA
"5cf656e90acc8f000147f643","Restudy",0.785714285714286,NA
"696c14c4c7de2d012b0911cb","SAQ",0.642857142857143,0.71
"58e1916827e7d900011035e0","SAQ",0.528571428571429,0.43
"615f374cefabec945b04b5e9","Restudy",0.485714285714286,NA
"6772ed734bf7106ee5415ab9","SAQ",0.728571428571429,0.75
"6982564c515b987b2924bf9c","Restudy",0.657142857142857,NA
"67aa54c162dc637de018fe18","SAQ",0.985714285714286,0.93
"6664aff313672880c2b0ba59","SAQ",0.614285714285714,0.73
"5ba2a1c8c96df90001ce9159","Restudy",0.228571428571429,NA
"5ceac2dd06aa230001363420","Restudy",0.257142857142857,NA
"6759bb1db4ca495276aefe4d","SAQ",0.607142857142857,0.63
"5fb551ccab996500099ab1aa","Restudy",0.371428571428571,NA
"602d1d984787306b190f0b43","Restudy",0.592857142857143,NA
"6768434c73d3cbf6add74da9","SAQ",0.771428571428571,0.49
"6978c457ed039d215eea38c4","Restudy",0.914285714285714,NA
"66cdced52b59520d110dc694","SAQ",0.642857142857143,0.39
"5ea0b2cbf710490ac2644b7e","Restudy",0.364285714285714,NA
"5fac4dc60d67201ffe756ca1","SAQ",0.814285714285714,0.62
"5f10d13957b4763f401690e5","Restudy",0.5,NA
"5bbc3d95f1f9ba000141d855","SAQ",0.514285714285714,0.42
"66a93de3f2548f23b727c479","Restudy",0.45,NA
"5d8272296cca0b001759f562","Restudy",0.657142857142857,NA
"5b7550cb09105000015131ae","SAQ",0.635714285714286,0.53
"6748b5c2eb65f80fc92caa93","SAQ",0.607142857142857,0.71
"664d13e7bd941e750966cb72","Restudy",0.335714285714286,NA
"57d42e23f7b8540001e77bfc","SAQ",0.7,0.65
"66eb295e917ab5b37e00f625","SAQ",0.757142857142857,0.71
"5f53f6458dff8f755bac4a9d","SAQ",0.507142857142857,0.54
"5fe1f5f751f3a9ceb57d935a","SAQ",0.642857142857143,0.63
"5f04d99fac08ac7b22af01be","Restudy",0.642857142857143,NA
"5f8bf55617ed3331cd61707e","Restudy",0.478571428571429,NA
"6659f6d44d033081c991c539","Restudy",0.414285714285714,NA
"6126086041dbfc8b499a693c","Restudy",0.321428571428571,NA
"681485b41e4f472801db525a","Restudy",0.514285714285714,NA
"64481bca476d6bfbae2066e2","Restudy",0.828571428571429,NA
"6617d376619a2b4541498f2c","SAQ",0.671428571428571,0.54
"60f20aac9a3cd813c94175b4","SAQ",0.557142857142857,0.59
"5f1b5eddc8514b195ccc602a","SAQ",0.564285714285714,0.4
"5e1f7b5450f6aa0122fcef8b","Restudy",0.564285714285714,NA
"57892012454e5400015f35c4","Restudy",0.678571428571429,NA
"6773dea609f77d473900997a","Restudy",0.771428571428571,NA
"6658b1a747c3b7e6e7d4a63e","SAQ",0.678571428571429,0.78
"5eb7094fbb8ed70b61398cff","Restudy",0.314285714285714,NA
"57a7326516a091000112edb2","SAQ",0.857142857142857,0.82
"559272f4fdf99b7e42e96932","Restudy",0.542857142857143,NA
"677680efa1797f88af07cd6a","Restudy",0.557142857142857,NA
"60170c02d3a5ad927c5ccb77","Restudy",0.557142857142857,NA
"698a231eb1fe98dda75f2e9f","Restudy",0.507142857142857,NA
"5b2c0994f1ca3c000190196a","Restudy",0.371428571428571,NA
"54468870fdf99b648b6a5c69","Restudy",0.514285714285714,NA
"5a8f01d95292b80001235d34","SAQ",0.557142857142857,0.55
"6655dd1f8fa8f27af8a98304","Restudy",0.564285714285714,NA
"63d7a22ff9d8f3c778a83305","SAQ",0.614285714285714,0.4
"57e03c03538c8c0001616262","SAQ",0.485714285714286,0.43
"6760a1e051f418d6ac0490d8","Restudy",0.707142857142857,NA
"5e80b109ca1800791e1ca40c","Restudy",0.607142857142857,NA
"5841a2d39d65770001cebfa1","Restudy",0.542857142857143,NA
"5bb0cc738f3bd70001e513e3","SAQ",0.457142857142857,0.3
"5a7226d9f660ae0001a9a547","Restudy",0.342857142857143,NA
"6447abcf5525c01385eda994","SAQ",0.435714285714286,0.42
"66b5172c8f0bd3b23ce66c22","SAQ",0.507142857142857,0.34
"5c85277a2421a3001142e5e3","SAQ",0.657142857142857,0.43
"61112fb91e6eb028aa1ba59b","SAQ",0.557142857142857,0.73
"5dbf5fe16849043f135aa2c0","Restudy",0.4,NA
"69ce6ea751adfe70f62ce6f0","SAQ",0.428571428571429,0.46
"5e623958c6eb9c0332e82559","Restudy",0.55,NA
"69e7204dca8016d782310f8f","Restudy",0.942857142857143,NA
"676e6f5eb2e5690f74382e58","Restudy",0.5,NA
"66bbafb05de7e549455aa4ff","SAQ",0.657142857142857,0.71
"5a1c2c39728b1b0001adae33","SAQ",0.628571428571429,0.5
"671d3690dc5df6d004cfb65e","SAQ",0.635714285714286,0.58
"67645f08789bda1a81f357b5","Restudy",0.664285714285714,NA
"5fb4661ad97d9a1668f07086","SAQ",0.621428571428571,0.56
"62aa591a476ebabe28612a92","Restudy",0.428571428571429,NA
"6682504bc0252a33b4c4406e","SAQ",0.742857142857143,0.63
"62b0578ba025983393cd034d","SAQ",0.592857142857143,0.66
"654e3926a9f47dd3e0bd5471","Restudy",0.735714285714286,NA
"60745654775360c343322bd9","Restudy",0.671428571428571,NA
"69790c4c9bae6e6d3471dec3","SAQ",0.635714285714286,0.66
"65438a7c5d2ff9a08cbe7604","Restudy",0.342857142857143,NA
"611ab24657af79642f9ed581","Restudy",0.542857142857143,NA
"62ac71cec3309a48781684eb","SAQ",0.421428571428571,0.64
"5fb3a038ffc74f03b1f21062","Restudy",0.414285714285714,NA
"5ec43020306f252ea5d83f6f","Restudy",0.807142857142857,NA
"6002ae1ea178912bfa128adf","SAQ",0.8,0.67
"6266ac01a2a15cce6ed5fba7","SAQ",0.671428571428571,0.77
"607f179ab5b13c7618778498","Restudy",0.514285714285714,NA
"5c3e562ebff5620001e34dd5","SAQ",0.714285714285714,0.67
"6766e906631cac455823baba","Restudy",0.228571428571429,NA
"5f653cb18aad310a9ee7c32d","Restudy",0.507142857142857,NA
"63d40228c2fb877b0bfe84ec","Restudy",0.314285714285714,NA
